code,status,rows,last_date
sh.600000,ok,1942,2025-12-31
sh.600519,ok,1942,2025-12-31
sz.000001,ok,1942,2025-12-31
sz.300750,ok,1837,2025-12-31
sh.601318,ok,1942,2025-12-31
sh.600004,ok,1942,2025-12-31
sh.600006,ok,1937,2025-12-31
sh.600007,ok,1942,2025-12-31
sh.600008,ok,1936,2025-12-31
sh.600009,ok,1931,2025-12-31
sh.600010,ok,1933,2025-12-31
sh.600011,ok,1942,2025-12-31
sh.600015,ok,1942,2025-12-31
sh.600016,ok,1942,2025-12-31
sh.600017,ok,1942,2025-12-31
sh.600018,ok,1942,2025-12-31
sh.600019,ok,1942,2025-12-31
sh.600021,ok,1942,2025-12-31
sh.600022,ok,1845,2025-12-31
sh.600023,ok,1942,2025-12-31
sh.600025,ok,1942,2025-12-31
sh.600026,ok,1940,2025-12-31
sh.600027,ok,1931,2025-12-31
sh.600028,ok,1942,2025-12-31
sh.600029,ok,1942,2025-12-31
sh.600030,ok,1925,2025-12-31
sh.600031,ok,1942,2025-12-31
sh.600032,ok,1120,2025-12-31
sh.600036,ok,1942,2025-12-31
sh.600037,ok,1936,2025-12-31
sh.600038,ok,1932,2025-12-31
sh.600039,ok,1930,2025-12-31
sh.600048,ok,1942,2025-12-31
sh.600050,ok,1942,2025-12-31
sh.600053,ok,1937,2025-12-31
sh.600056,ok,1942,2025-12-31
sh.600058,ok,1940,2025-12-29
sh.600059,ok,1942,2025-12-31
sh.600060,ok,1942,2025-12-31
sh.600061,ok,1942,2025-12-31
sh.600062,ok,1942,2025-12-31
sh.600064,ok,1941,2025-12-31
sh.600066,ok,1941,2025-12-31
sh.600068,fail,0,
sh.600073,ok,1942,2025-12-31
sh.600074,fail,0,
sh.600079,ok,1931,2025-12-31
sh.600085,ok,1942,2025-12-31
sh.600086,fail,0,
sh.600089,ok,1942,2025-12-31
sh.600094,ok,1942,2025-12-31
sh.600095,ok,1922,2025-12-31
sh.600096,ok,1942,2025-12-31
sh.600098,ok,1942,2025-12-31
sh.600100,ok,1942,2025-12-31
sh.600104,ok,1942,2025-12-31
sh.600108,ok,1942,2025-12-31
sh.600109,ok,1932,2025-12-31
sh.600111,ok,1942,2025-12-31
sh.600115,ok,1942,2025-12-31
sh.600118,ok,1942,2025-12-31
sh.600120,ok,1942,2025-12-31
sh.600122,fail,0,
sh.600125,ok,1942,2025-12-31
sh.600126,ok,1935,2025-12-31
sh.600129,ok,1942,2025-12-31
sh.600131,ok,1931,2025-12-31
sh.600132,ok,1942,2025-12-31
sh.600138,ok,1942,2025-12-31
sh.600141,ok,1941,2025-12-31
sh.600143,ok,1942,2025-12-31
sh.600150,ok,1864,2025-12-31
sh.600151,ok,1942,2025-12-31
sh.600153,ok,1942,2025-12-31
sh.600155,ok,1942,2025-12-31
sh.600157,ok,1762,2025-12-31
sh.600158,ok,1866,2025-12-31
sh.600160,ok,1932,2025-12-31
sh.600161,ok,1942,2025-12-31
sh.600166,ok,1942,2025-12-31
sh.600167,ok,1938,2025-12-31
sh.600169,ok,1941,2025-12-31
sh.600170,ok,1942,2025-12-31
sh.600171,ok,1942,2025-12-31
sh.600176,ok,1932,2025-12-31
sh.600177,ok,1942,2025-12-31
sh.600179,ok,1897,2025-12-31
sh.600183,ok,1942,2025-12-31
sh.600184,ok,1942,2025-12-31
sh.600187,ok,1888,2025-12-31
sh.600188,ok,1942,2025-12-31
sh.600195,ok,1942,2025-12-31
sh.600196,ok,1942,2025-12-31
sh.600201,ok,1942,2025-12-31
sh.600208,ok,1931,2025-12-31
sh.600216,ok,1942,2025-12-31
sh.600219,ok,1936,2025-12-31
sh.600221,ok,1811,2025-12-31
sh.600233,ok,1942,2025-12-31
sh.600236,ok,1942,2025-12-31
sh.600240,fail,0,
sh.600256,ok,1929,2025-12-31
sh.600258,ok,1942,2025-12-31
sh.600259,ok,1942,2025-12-31
sh.600260,fail,0,
sh.600266,ok,1942,2025-12-31
sh.600267,ok,1932,2025-12-31
sh.600270,fail,0,
sh.600271,ok,1942,2025-12-31
sh.600273,ok,1897,2025-12-31
sh.600276,ok,1942,2025-12-31
sh.600277,fail,0,
sh.600280,ok,1940,2025-12-31
sh.600282,ok,1933,2025-12-31
sh.600284,ok,1941,2025-12-31
sh.600289,ok,1888,2025-12-31
sh.600291,fail,0,
sh.600292,ok,1932,2025-12-31
sh.600295,ok,1941,2025-12-31
sh.600297,fail,0,
sh.600298,ok,1942,2025-12-31
sh.600299,ok,1942,2025-12-31
sh.600300,ok,1938,2025-12-31
sh.600307,ok,1942,2025-12-31
sh.600309,ok,1836,2025-12-31
sh.600312,ok,1942,2025-12-31
sh.600315,ok,1942,2025-12-31
sh.600316,ok,1942,2025-12-31
sh.600317,fail,0,
sh.600325,ok,1942,2025-12-31
sh.600329,ok,1941,2025-12-31
sh.600332,ok,1938,2025-12-31
sh.600335,ok,1817,2025-12-31
sh.600338,ok,1942,2025-12-31
sh.600339,ok,1942,2025-12-31
sh.600340,ok,1927,2025-12-31
sh.600346,ok,1942,2025-12-31
sh.600348,ok,1942,2025-12-31
sh.600350,ok,1942,2025-12-31
sh.600352,ok,1942,2025-12-31
sh.600361,ok,1931,2025-12-31
sh.600362,ok,1942,2025-12-31
sh.600363,ok,1942,2025-12-31
sh.600366,ok,1941,2025-12-31
sh.600369,ok,1942,2025-12-31
sh.600372,ok,1924,2025-12-31
sh.600373,ok,1939,2025-12-31
sh.600376,ok,1942,2025-12-31
sh.600377,ok,1942,2025-12-31
sh.600378,ok,1876,2025-12-31
sh.600380,ok,1936,2025-12-31
sh.600383,ok,1942,2025-12-31
sh.600388,ok,1936,2025-12-31
sh.600390,ok,1942,2025-12-31
sh.600392,ok,1942,2025-12-31
sh.600393,fail,0,
sh.600395,ok,1942,2025-12-31
sh.600398,ok,1937,2025-12-31
sh.600399,ok,1738,2025-12-31
sh.600406,ok,1942,2025-12-31
sh.600409,ok,1942,2025-12-31
sh.600410,ok,1942,2025-12-31
sh.600415,ok,1942,2025-12-31
sh.600416,ok,1940,2025-12-31
sh.600418,ok,1942,2025-12-31
sh.600422,ok,1940,2025-12-31
sh.600426,ok,1942,2025-12-31
sh.600428,ok,1942,2025-12-31
sh.600435,ok,1942,2025-12-31
sh.600436,ok,1942,2025-12-31
sh.600438,ok,1942,2025-12-31
sh.600446,ok,1927,2025-12-31
sh.600458,ok,1942,2025-12-31
sh.600460,ok,1931,2025-12-31
sh.600466,fail,0,
sh.600478,ok,1941,2025-12-31
sh.600481,ok,1942,2025-12-31
sh.600482,ok,1921,2025-12-31
sh.600483,ok,1933,2025-12-31
sh.600485,fail,0,
sh.600486,ok,1937,2025-12-31
sh.600487,ok,1931,2025-12-31
sh.600489,ok,1931,2025-12-31
sh.600497,ok,1932,2025-12-31
sh.600498,ok,1942,2025-12-31
sh.600499,ok,1942,2025-12-31
sh.600500,ok,1933,2025-12-31
sh.600503,ok,1942,2025-12-31
sh.600507,ok,1942,2025-12-31
sh.600511,ok,1942,2025-12-31
sh.600515,ok,1803,2025-12-31
sh.600516,ok,1942,2025-12-31
sh.600517,ok,1931,2025-12-31
sh.600518,ok,1907,2025-12-31
sh.600521,ok,1942,2025-12-31
sh.600522,ok,1942,2025-12-31
sh.600525,ok,1929,2025-12-31
sh.600528,ok,1942,2025-12-31
sh.600529,ok,1942,2025-12-31
sh.600535,ok,1940,2025-12-31
sh.600536,ok,1940,2025-12-31
sh.600545,ok,1942,2025-12-31
sh.600546,ok,1897,2025-12-31
sh.600547,ok,1941,2025-12-31
sh.600549,ok,1942,2025-12-31
sh.600556,ok,1939,2025-12-31
sh.600557,ok,1942,2025-12-31
sh.600562,ok,1941,2025-12-31
sh.600563,ok,1942,2025-12-31
sh.600565,fail,0,
sh.600566,ok,1941,2025-12-31
sh.600567,ok,1942,2025-12-31
sh.600570,ok,1942,2025-12-31
sh.600572,ok,1941,2025-12-31
sh.600575,ok,1907,2025-12-31
sh.600578,ok,1942,2025-12-31
sh.600580,ok,1942,2025-12-31
sh.600582,ok,1942,2025-12-31
sh.600583,ok,1942,2025-12-31
sh.600584,ok,1937,2025-12-31
sh.600585,ok,1942,2025-12-31
sh.600587,ok,1942,2025-12-31
sh.600588,ok,1942,2025-12-31
sh.600594,ok,1942,2025-12-31
sh.600597,ok,1942,2025-12-31
sh.600598,ok,1942,2025-12-31
sh.600600,ok,1942,2025-12-31
sh.600601,ok,1938,2025-12-31
sh.600602,ok,1942,2025-12-31
sh.600606,ok,1937,2025-12-31
sh.600611,ok,1942,2025-12-31
sh.600612,ok,1942,2025-12-31
sh.600614,fail,0,
sh.600618,ok,1942,2025-12-31
sh.600623,ok,1942,2025-12-31
sh.600628,ok,1942,2025-12-31
sh.600633,ok,1942,2025-12-31
sh.600635,ok,1942,2025-12-31
sh.600637,ok,1942,2025-12-31
sh.600639,ok,1942,2025-12-31
sh.600640,ok,1942,2025-12-31
sh.600642,ok,1942,2025-12-31
sh.600643,ok,1941,2025-12-31
sh.600645,ok,1924,2025-12-31
sh.600648,ok,1942,2025-12-31
sh.600649,ok,1942,2025-12-31
sh.600651,ok,1926,2025-12-31
sh.600655,ok,1937,2025-12-31
sh.600657,ok,1937,2025-12-31
sh.600660,ok,1942,2025-12-31
sh.600663,ok,1932,2025-12-31
sh.600664,ok,1906,2025-12-31
sh.600667,ok,1942,2025-12-31
sh.600673,ok,1921,2025-12-31
sh.600674,ok,1942,2025-12-31
sh.600675,ok,1942,2025-12-31
sh.600682,ok,1859,2025-12-31
sh.600685,ok,1881,2025-12-31
sh.600687,fail,0,
sh.600688,ok,1942,2025-12-31
sh.600690,ok,1940,2025-12-31
sh.600694,ok,1942,2025-12-31
sh.600699,ok,1942,2025-12-31
sh.600703,ok,1942,2025-12-31
sh.600704,ok,1942,2025-12-31
sh.600705,fail,0,
sh.600707,ok,1941,2025-12-31
sh.600717,ok,1942,2025-12-31
sh.600718,ok,1932,2025-12-31
sh.600720,ok,1932,2025-12-31
sh.600728,ok,1942,2025-12-31
sh.600729,ok,1919,2025-12-31
sh.600732,ok,1938,2025-12-31
sh.600733,ok,1762,2025-12-31
sh.600737,ok,1942,2025-12-31
sh.600739,ok,1942,2025-12-31
sh.600741,ok,1942,2025-12-31
sh.600743,ok,1942,2025-12-31
sh.600745,ok,1773,2025-12-31
sh.600748,ok,1941,2025-12-31
sh.600750,ok,1877,2025-12-31
sh.600751,ok,1771,2025-12-31
sh.600754,ok,1942,2025-12-31
sh.600755,ok,1941,2025-12-31
sh.600757,ok,1942,2025-12-31
sh.600759,ok,1804,2025-12-31
sh.600760,ok,1942,2025-12-31
sh.600763,ok,1942,2025-12-31
sh.600764,ok,1818,2025-12-31
sh.600765,ok,1932,2025-12-31
sh.600770,ok,1942,2025-12-31
sh.600773,ok,1942,2025-12-31
sh.600776,ok,1942,2025-12-31
sh.600777,ok,1850,2025-12-31
sh.600779,ok,1940,2025-12-31
sh.600782,ok,1942,2025-12-31
sh.600787,ok,1942,2025-12-31
sh.600795,ok,1942,2025-12-31
sh.600801,ok,1940,2025-12-31
sh.600803,ok,1910,2025-12-31
sh.600804,fail,0,
sh.600808,ok,1942,2025-12-31
sh.600809,ok,1932,2025-12-31
sh.600811,fail,0,
sh.600816,ok,1886,2025-12-31
sh.600820,ok,1942,2025-12-31
sh.600823,fail,0,
sh.600826,ok,1931,2025-12-31
sh.600827,ok,1942,2025-12-31
sh.600835,ok,1942,2025-12-31
sh.600837,fail,0,
sh.600839,ok,1942,2025-12-31
sh.600845,ok,1941,2025-12-31
sh.600848,ok,1865,2025-12-31
sh.600859,ok,1924,2025-12-31
sh.600862,ok,1942,2025-12-31
sh.600863,ok,1934,2025-12-31
sh.600867,ok,1942,2025-12-31
sh.600869,ok,1929,2025-12-31
sh.600871,ok,1940,2025-12-31
sh.600872,ok,1942,2025-12-31
sh.600873,ok,1942,2025-12-31
sh.600874,ok,1942,2025-12-31
sh.600875,ok,1937,2025-12-31
sh.600879,ok,1942,2025-12-31
sh.600880,ok,1858,2025-12-31
sh.600881,ok,1942,2025-12-31
sh.600884,ok,1942,2025-12-31
sh.600885,ok,1942,2025-12-31
sh.600886,ok,1942,2025-12-31
sh.600887,ok,1942,2025-12-31
sh.600893,ok,1931,2025-12-31
sh.600894,ok,1942,2025-12-31
sh.600895,ok,1942,2025-12-31
sh.600900,ok,1931,2025-12-31
sh.600901,ok,1905,2025-12-31
sh.600903,ok,1932,2025-12-31
sh.600905,ok,1108,2025-12-31
sh.600906,ok,1132,2025-12-31
sh.600908,ok,1942,2025-12-31
sh.600909,ok,1936,2025-12-31
sh.600917,ok,1937,2025-12-31
sh.600918,ok,1356,2025-12-31
sh.600919,ok,1936,2025-12-31
sh.600925,ok,671,2025-12-31
sh.600926,ok,1942,2025-12-31
sh.600927,ok,976,2025-12-31
sh.600928,ok,1662,2025-12-31
sh.600930,ok,115,2025-12-31
sh.600936,ok,1942,2025-12-31
sh.600938,ok,899,2025-12-31
sh.600939,ok,1942,2025-12-31
sh.600941,ok,968,2025-12-31
sh.600956,ok,1340,2025-12-31
sh.600958,ok,1936,2025-12-31
sh.600959,ok,1917,2025-12-31
sh.600967,ok,1942,2025-12-31
sh.600968,ok,1584,2025-12-31
sh.600970,ok,1920,2025-12-31
sh.600971,ok,1942,2025-12-31
sh.600977,ok,1942,2025-12-31
sh.600978,fail,0,
sh.600985,ok,1937,2025-12-31
sh.600988,ok,1936,2025-12-31
sh.600989,ok,1612,2025-12-31
sh.600993,ok,1942,2025-12-31
sh.600995,ok,1931,2025-12-31
sh.600996,ok,1942,2025-12-31
sh.600998,ok,1942,2025-12-31
sh.600999,ok,1936,2025-12-31
sh.601000,ok,1942,2025-12-31
sh.601001,ok,1942,2025-12-31
sh.601002,ok,1942,2025-12-31
sh.601003,ok,1930,2025-12-31
sh.601005,ok,1940,2025-12-31
sh.601006,ok,1942,2025-12-31
sh.601009,ok,1942,2025-12-31
sh.601012,ok,1936,2025-12-31
sh.601016,ok,1936,2025-12-31
sh.601018,ok,1942,2025-12-31
sh.601019,ok,1942,2025-12-31
sh.601020,ok,1934,2025-12-31
sh.601021,ok,1942,2025-12-31
sh.601058,ok,1942,2025-12-31
sh.601059,ok,691,2025-12-31
sh.601061,ok,664,2025-12-31
sh.601066,ok,1831,2025-12-31
sh.601068,ok,1779,2025-12-31
sh.601077,ok,1501,2025-12-31
sh.601088,ok,1932,2025-12-31
sh.601098,ok,1942,2025-12-31
sh.601099,ok,1942,2025-12-31
sh.601100,ok,1942,2025-12-31
sh.601106,ok,1941,2025-12-31
sh.601108,ok,1936,2025-12-31
sh.601111,ok,1941,2025-12-31
sh.601117,ok,1942,2025-12-31
sh.601118,ok,1829,2025-12-31
sh.601127,ok,1938,2025-12-31
sh.601128,ok,1942,2025-12-31
sh.601136,ok,734,2025-12-31
sh.601138,ok,1838,2025-12-31
sh.601139,ok,1942,2025-12-31
sh.601155,ok,1942,2025-12-31
sh.601156,ok,1109,2025-12-31
sh.601158,ok,1942,2025-12-31
sh.601162,ok,1744,2025-12-31
sh.601163,ok,1942,2025-12-31
sh.601166,ok,1942,2025-12-31
sh.601168,ok,1942,2025-12-31
sh.601169,ok,1942,2025-12-31
sh.601179,ok,1942,2025-12-31
sh.601186,ok,1942,2025-12-31
sh.601187,ok,1260,2025-12-31
sh.601198,ok,1922,2025-12-31
sh.601200,ok,1942,2025-12-31
sh.601211,ok,1923,2025-12-31
sh.601212,ok,1937,2025-12-31
sh.601216,ok,1872,2025-12-31
sh.601225,ok,1942,2025-12-31
sh.601228,ok,1942,2025-12-31
sh.601229,ok,1942,2025-12-31
sh.601231,ok,1934,2025-12-31
sh.601233,ok,1942,2025-12-31
sh.601236,ok,1571,2025-12-31
sh.601238,ok,1942,2025-12-31
sh.601288,ok,1942,2025-12-31
sh.601298,ok,1680,2025-12-31
sh.601311,ok,1942,2025-12-31
sh.601319,ok,1730,2025-12-31
sh.601326,ok,1942,2025-12-31
sh.601328,ok,1942,2025-12-31
sh.601333,ok,1942,2025-12-31
sh.601336,ok,1942,2025-12-31
sh.601360,ok,1928,2025-12-31
sh.601375,ok,1942,2025-12-31
sh.601377,ok,1936,2025-12-31
sh.601390,ok,1868,2025-12-31
sh.601398,ok,1942,2025-12-31
sh.601399,ok,1352,2025-12-31
sh.601456,ok,1296,2025-12-31
sh.601512,ok,1463,2025-12-31
sh.601555,ok,1930,2025-12-31
sh.601567,ok,1942,2025-12-31
sh.601568,ok,1265,2025-12-31
sh.601577,ok,1762,2025-12-31
sh.601598,ok,1687,2025-12-31
sh.601600,ok,1907,2025-12-31
sh.601601,ok,1942,2025-12-31
sh.601607,ok,1942,2025-12-31
sh.601608,ok,1942,2025-12-31
sh.601611,ok,1942,2025-12-31
sh.601615,ok,1684,2025-12-31
sh.601618,ok,1942,2025-12-31
sh.601628,ok,1942,2025-12-31
sh.601633,ok,1942,2025-12-31
sh.601636,ok,1942,2025-12-31
sh.601658,ok,1471,2025-12-31
sh.601665,ok,1103,2025-12-31
sh.601666,ok,1942,2025-12-31
sh.601668,ok,1942,2025-12-31
sh.601669,ok,1942,2025-12-31
sh.601678,ok,1942,2025-12-31
sh.601688,ok,1942,2025-12-31
sh.601689,ok,1942,2025-12-31
sh.601696,ok,1422,2025-12-31
sh.601698,ok,1582,2025-12-31
sh.601699,ok,1942,2025-12-31
sh.601717,ok,1940,2025-12-31
sh.601718,ok,1942,2025-12-31
sh.601727,ok,1899,2025-12-31
sh.601728,ok,1058,2025-12-31
sh.601766,ok,1942,2025-12-31
sh.601777,ok,1937,2025-12-31
sh.601778,ok,1367,2025-12-31
sh.601788,ok,1942,2025-12-31
sh.601799,ok,1942,2025-12-31
sh.601800,ok,1942,2025-12-31
sh.601801,ok,1942,2025-12-31
sh.601808,ok,1942,2025-12-31
sh.601811,ok,1942,2025-12-31
sh.601816,ok,1445,2025-12-31
sh.601818,ok,1942,2025-12-31
sh.601825,ok,1059,2025-12-31
sh.601828,ok,1925,2025-12-31
sh.601838,ok,1921,2025-12-31
sh.601857,ok,1942,2025-12-31
sh.601858,ok,1942,2025-12-31
sh.601860,ok,1698,2025-12-31
sh.601865,ok,1672,2025-12-31
sh.601866,ok,1931,2025-12-31
sh.601868,ok,1033,2025-12-31
sh.601869,ok,1809,2025-12-31
sh.601872,ok,1942,2025-12-31
sh.601877,ok,1942,2025-12-31
sh.601878,ok,1942,2025-12-31
sh.601880,ok,1926,2025-12-31
sh.601881,ok,1942,2025-12-31
sh.601888,ok,1942,2025-12-31
sh.601898,ok,1942,2025-12-31
sh.601899,ok,1938,2025-12-31
sh.601901,ok,1942,2025-12-31
sh.601916,ok,1475,2025-12-31
sh.601918,ok,1942,2025-12-31
sh.601919,ok,1942,2025-12-31
sh.601921,ok,1078,2025-12-31
sh.601928,ok,1942,2025-12-31
sh.601933,ok,1941,2025-12-31
sh.601939,ok,1942,2025-12-31
sh.601958,ok,1942,2025-12-31
sh.601965,ok,1942,2025-12-31
sh.601966,ok,1938,2025-12-31
sh.601969,ok,1932,2025-12-31
sh.601975,ok,1694,2025-12-31
sh.601985,ok,1942,2025-12-31
sh.601988,ok,1942,2025-12-31
sh.601989,fail,0,
sh.601990,ok,1835,2025-12-31
sh.601991,ok,1942,2025-12-31
sh.601992,ok,1942,2025-12-31
sh.601995,ok,1236,2025-12-31
sh.601997,ok,1942,2025-12-31
sh.601998,ok,1942,2025-12-31
sh.603000,ok,1942,2025-12-31
sh.603001,ok,1930,2025-12-31
sh.603019,ok,1929,2025-12-31
sh.603025,ok,1932,2025-12-31
sh.603026,ok,1942,2025-12-31
sh.603049,ok,144,2025-12-31
sh.603056,fail,0,
sh.603077,ok,1942,2025-12-31
sh.603087,ok,1340,2025-12-31
sh.603127,ok,1942,2025-12-31
sh.603129,ok,1942,2025-12-31
sh.603156,ok,1913,2025-12-31
sh.603160,ok,1932,2025-12-31
sh.603169,ok,1942,2025-12-31
sh.603179,ok,1942,2025-12-31
sh.603185,ok,1700,2025-12-31
sh.603188,ok,1910,2025-12-31
sh.603195,ok,1436,2025-12-31
sh.603198,ok,1942,2025-12-31
sh.603218,ok,1942,2025-12-31
sh.603225,ok,1942,2025-12-31
sh.603228,ok,1942,2025-12-31
sh.603233,ok,1942,2025-12-31
sh.603256,ok,1567,2025-12-31
sh.603259,ok,1861,2025-12-31
sh.603260,ok,1942,2025-12-31
sh.603267,ok,1613,2025-12-31
sh.603288,ok,1942,2025-12-31
sh.603290,ok,1438,2025-12-31
sh.603296,ok,583,2025-12-31
sh.603298,ok,1942,2025-12-31
sh.603305,ok,1935,2025-12-31
sh.603317,ok,1631,2025-12-31
sh.603328,ok,1942,2025-12-31
sh.603338,ok,1942,2025-12-31
sh.603341,ok,448,2025-12-31
sh.603345,ok,1942,2025-12-31
sh.603355,ok,1942,2025-12-31
sh.603369,ok,1942,2025-12-31
sh.603377,ok,1899,2025-12-31
sh.603379,ok,1640,2025-12-31
sh.603392,ok,1378,2025-12-31
sh.603444,ok,1942,2025-12-31
sh.603456,ok,1919,2025-12-31
sh.603486,ok,1847,2025-12-31
sh.603501,ok,1856,2025-12-31
sh.603515,ok,1942,2025-12-31
sh.603517,ok,1941,2025-12-31
sh.603528,ok,1942,2025-12-31
sh.603529,ok,1106,2025-12-31
sh.603556,ok,1942,2025-12-31
sh.603565,ok,1276,2025-12-31
sh.603568,ok,1942,2025-12-31
sh.603569,ok,1942,2025-12-31
sh.603589,ok,1942,2025-12-31
sh.603596,ok,1866,2025-12-31
sh.603605,ok,1942,2025-12-31
sh.603606,ok,1942,2025-12-31
sh.603613,ok,1560,2025-12-31
sh.603638,ok,1942,2025-12-31
sh.603650,ok,1826,2025-12-31
sh.603658,ok,1942,2025-12-31
sh.603659,ok,1886,2025-12-31
sh.603688,ok,1942,2025-12-31
sh.603699,ok,1932,2025-12-31
sh.603707,ok,1942,2025-12-31
sh.603708,ok,1942,2025-12-31
sh.603712,ok,1905,2025-12-31
sh.603719,ok,1419,2025-12-31
sh.603728,ok,1942,2025-12-31
sh.603737,ok,1942,2025-12-31
sh.603766,ok,1941,2025-12-31
sh.603786,ok,1511,2025-12-31
sh.603799,ok,1930,2025-12-31
sh.603806,ok,1942,2025-12-31
sh.603816,ok,1938,2025-12-31
sh.603826,ok,1942,2025-12-31
sh.603833,ok,1942,2025-12-31
sh.603858,ok,1942,2025-12-31
sh.603866,ok,1942,2025-12-31
sh.603868,ok,1942,2025-12-31
sh.603877,ok,1941,2025-12-31
sh.603882,ok,1942,2025-12-31
sh.603883,ok,1942,2025-12-31
sh.603885,ok,1942,2025-12-31
sh.603888,ok,1942,2025-12-31
sh.603893,ok,1435,2025-12-31
sh.603899,ok,1942,2025-12-31
sh.603920,ok,1939,2025-12-31
sh.603927,ok,1531,2025-12-31
sh.603939,ok,1875,2025-12-31
sh.603979,ok,1942,2025-12-31
sh.603983,ok,1563,2025-12-31
sh.603986,ok,1898,2025-12-31
sh.603993,ok,1942,2025-12-31
sh.605117,ok,1142,2025-12-31
sh.605358,ok,1286,2025-12-31
sh.605499,ok,1118,2025-12-31
sh.605589,ok,1066,2025-12-31
sh.688002,ok,1566,2025-12-31
sh.688005,ok,1565,2025-12-31
sh.688006,ok,1566,2025-12-31
sh.688008,ok,1566,2025-12-31
sh.688009,ok,1566,2025-12-31
sh.688012,ok,1557,2025-12-18
sh.688017,ok,1296,2025-12-31
sh.688018,ok,1566,2025-12-31
sh.688019,ok,1566,2025-12-31
sh.688027,ok,1328,2025-12-31
sh.688029,ok,1564,2025-12-31
sh.688032,ok,979,2025-12-31
sh.688036,ok,1517,2025-12-31
sh.688041,ok,812,2025-12-31
sh.688047,ok,857,2025-12-31
sh.688052,ok,898,2025-12-31
sh.688063,ok,1214,2025-12-31
sh.688065,ok,1304,2025-12-31
sh.688072,ok,900,2025-12-31
sh.688082,ok,1001,2025-12-31
sh.688088,ok,1566,2025-12-31
sh.688099,ok,1553,2025-12-31
sh.688100,ok,1442,2025-12-31
sh.688105,ok,1004,2025-12-31
sh.688107,ok,1005,2025-12-31
sh.688111,ok,1487,2025-12-31
sh.688114,ok,802,2025-12-31
sh.688116,ok,1520,2025-12-31
sh.688120,ok,869,2025-12-31
sh.688122,ok,1566,2025-12-31
sh.688126,ok,1375,2025-12-31
sh.688153,ok,906,2025-12-31
sh.688166,ok,1493,2025-12-31
sh.688169,ok,1425,2025-12-31
sh.688172,ok,738,2025-12-31
sh.688180,ok,1328,2025-12-31
sh.688183,ok,1179,2025-12-31
sh.688185,ok,1307,2025-12-31
sh.688187,ok,1046,2025-12-31
sh.688188,ok,1553,2025-12-31
sh.688192,ok,985,2025-12-31
sh.688200,ok,1428,2025-12-31
sh.688208,ok,1431,2025-12-31
sh.688213,ok,881,2025-12-31
sh.688220,ok,961,2025-12-31
sh.688223,ok,953,2025-12-31
sh.688234,ok,963,2025-12-31
sh.688235,ok,982,2025-12-31
sh.688248,ok,977,2025-12-31
sh.688249,ok,648,2025-12-31
sh.688256,ok,1325,2025-12-31
sh.688266,ok,1440,2025-12-31
sh.688271,ok,816,2025-12-31
sh.688276,ok,1098,2025-12-31
sh.688278,ok,1444,2025-12-31
sh.688281,ok,930,2025-12-31
sh.688289,ok,1296,2025-12-31
sh.688295,ok,910,2025-12-31
sh.688297,ok,854,2025-12-31
sh.688301,ok,1281,2025-12-31
sh.688303,ok,1079,2025-12-31
sh.688318,ok,1380,2025-12-31
sh.688321,ok,1551,2025-12-31
sh.688322,ok,848,2025-12-31
sh.688331,ok,912,2025-12-31
sh.688336,ok,1323,2025-12-31
sh.688347,ok,574,2025-12-31
sh.688348,ok,869,2025-12-31
sh.688349,ok,859,2025-12-31
sh.688361,ok,638,2025-12-31
sh.688363,ok,1495,2025-12-31
sh.688375,ok,837,2025-12-31
sh.688385,ok,1070,2025-12-31
sh.688387,ok,792,2025-12-31
sh.688390,ok,1291,2025-12-31
sh.688396,ok,1421,2025-12-31
sh.688425,ok,1101,2025-12-31
sh.688469,ok,645,2025-12-31
sh.688472,ok,623,2025-12-31
sh.688475,ok,730,2025-12-31
sh.688506,ok,724,2025-12-31
sh.688516,ok,1365,2025-12-31
sh.688520,ok,1343,2025-12-31
sh.688521,ok,1294,2025-12-31
sh.688525,ok,728,2025-12-31
sh.688536,ok,1260,2025-12-31
sh.688538,ok,1117,2025-12-31
sh.688561,ok,1323,2025-12-31
sh.688563,ok,597,2025-12-31
sh.688567,ok,1319,2025-12-31
sh.688568,ok,1333,2025-12-31
sh.688578,ok,1234,2025-12-31
sh.688582,ok,610,2025-12-31
sh.688599,ok,1351,2025-12-31
sh.688608,ok,1224,2025-12-31
sh.688615,ok,307,2025-12-31
sh.688617,ok,1209,2025-12-31
sh.688629,ok,613,2025-12-31
sh.688676,ok,1171,2025-12-31
sh.688690,ok,1100,2025-12-31
sh.688692,ok,381,2025-12-31
sh.688702,ok,556,2025-12-31
sh.688709,ok,459,2025-12-31
sh.688728,ok,1060,2025-12-31
sh.688772,ok,1025,2025-12-31
sh.688777,ok,1240,2025-12-31
sh.688778,ok,1069,2025-12-31
sh.688779,ok,1065,2025-12-31
sh.688819,ok,1202,2025-12-31
sh.688981,ok,1321,2025-12-31
sh.689009,fail,0,
sz.000002,ok,1942,2025-12-31
sz.000006,ok,1900,2025-12-31
sz.000008,ok,1887,2025-12-31
sz.000009,ok,1942,2025-12-31
sz.000012,ok,1942,2025-12-31
sz.000021,ok,1942,2025-12-31
sz.000025,ok,1942,2025-12-31
sz.000027,ok,1942,2025-12-31
sz.000028,ok,1942,2025-12-31
sz.000031,ok,1867,2025-12-31
sz.000032,ok,1930,2025-12-31
sz.000034,ok,1850,2025-12-31
sz.000039,ok,1937,2025-12-31
sz.000046,fail,0,
sz.000049,ok,1936,2025-12-31
sz.000050,ok,1942,2025-12-31
sz.000060,ok,1942,2025-12-31
sz.000061,ok,1932,2025-12-31
sz.000062,ok,1932,2025-12-31
sz.000063,ok,1902,2025-12-31
sz.000066,ok,1942,2025-12-31
sz.000069,ok,1942,2025-12-31
sz.000078,ok,1942,2025-12-31
sz.000088,ok,1926,2025-12-31
sz.000089,ok,1942,2025-12-31
sz.000090,ok,1937,2025-12-31
sz.000099,ok,1942,2025-12-31
sz.000100,ok,1941,2025-12-31
sz.000155,ok,1921,2025-12-31
sz.000156,ok,1818,2025-12-31
sz.000157,ok,1942,2025-12-31
sz.000158,ok,1933,2025-12-31
sz.000166,ok,1942,2025-12-31
sz.000301,ok,1917,2025-12-31
sz.000333,ok,1902,2025-12-31
sz.000338,ok,1942,2025-12-31
sz.000400,ok,1942,2025-12-31
sz.000401,ok,1901,2025-12-31
sz.000402,ok,1942,2025-12-31
sz.000403,ok,1928,2025-12-31
sz.000408,ok,1910,2025-12-31
sz.000413,fail,0,
sz.000415,ok,1823,2025-12-31
sz.000418,fail,0,
sz.000423,ok,1942,2025-12-31
sz.000425,ok,1919,2025-12-31
sz.000426,ok,1893,2025-12-31
sz.000429,ok,1942,2025-12-31
sz.000488,ok,1941,2025-12-31
sz.000501,ok,1942,2025-12-31
sz.000503,ok,1922,2025-12-31
sz.000513,ok,1942,2025-12-31
sz.000519,ok,1942,2025-12-31
sz.000528,ok,1921,2025-12-31
sz.000536,ok,1940,2025-12-31
sz.000537,ok,1942,2025-12-31
sz.000538,ok,1891,2025-12-31
sz.000539,ok,1942,2025-12-31
sz.000540,fail,0,
sz.000541,ok,1942,2025-12-31
sz.000543,ok,1931,2025-12-31
sz.000547,ok,1884,2025-12-31
sz.000552,ok,1931,2025-12-31
sz.000553,ok,1942,2025-12-31
sz.000559,ok,1932,2025-12-31
sz.000563,ok,1936,2025-12-31
sz.000564,ok,1799,2025-12-31
sz.000566,ok,1816,2025-12-31
sz.000568,ok,1942,2025-12-31
sz.000572,ok,1939,2025-12-31
sz.000581,ok,1942,2025-12-31
sz.000582,ok,1942,2025-12-31
sz.000587,fail,0,
sz.000591,ok,1942,2025-12-31
sz.000592,ok,1920,2025-12-31
sz.000596,ok,1942,2025-12-31
sz.000598,ok,1942,2025-12-31
sz.000600,ok,1940,2025-12-31
sz.000612,ok,1927,2025-12-31
sz.000617,ok,1942,2025-12-31
sz.000623,ok,1942,2025-12-31
sz.000625,ok,1942,2025-12-31
sz.000627,fail,0,
sz.000629,ok,1784,2025-12-31
sz.000630,ok,1932,2025-12-31
sz.000636,ok,1942,2025-12-31
sz.000651,ok,1936,2025-12-31
sz.000652,ok,1942,2025-12-31
sz.000656,ok,1930,2025-12-31
sz.000657,ok,1932,2025-12-31
sz.000661,ok,1933,2025-12-31
sz.000662,fail,0,
sz.000667,fail,0,
sz.000669,ok,1885,2025-12-31
sz.000671,fail,0,
sz.000680,ok,1942,2025-12-31
sz.000681,ok,1942,2025-12-31
sz.000683,ok,1942,2025-12-31
sz.000685,ok,1942,2025-12-31
sz.000686,ok,1942,2025-12-31
sz.000690,ok,1942,2025-12-31
sz.000703,ok,1879,2025-12-31
sz.000708,ok,1936,2025-12-31
sz.000709,ok,1942,2025-12-31
sz.000712,ok,1942,2025-12-31
sz.000717,ok,1942,2025-12-31
sz.000718,ok,1942,2025-12-31
sz.000723,ok,1857,2025-12-31
sz.000725,ok,1942,2025-12-31
sz.000727,ok,1933,2025-12-31
sz.000728,ok,1936,2025-12-31
sz.000729,ok,1942,2025-12-31
sz.000732,fail,0,
sz.000733,ok,1942,2025-12-31
sz.000738,ok,1942,2025-12-31
sz.000739,ok,1942,2025-12-31
sz.000750,ok,1936,2025-12-31
sz.000758,ok,1932,2025-12-31
sz.000761,ok,1941,2025-12-31
sz.000762,ok,1942,2025-12-31
sz.000766,ok,1824,2025-12-31
sz.000768,ok,1942,2025-12-31
sz.000776,ok,1942,2025-12-31
sz.000777,ok,1927,2025-12-31
sz.000778,ok,1942,2025-12-31
sz.000783,ok,1942,2025-12-31
sz.000785,ok,1931,2025-12-31
sz.000786,ok,1942,2025-12-31
sz.000792,ok,1628,2025-12-31
sz.000799,ok,1942,2025-12-31
sz.000800,ok,1931,2025-12-31
sz.000806,fail,0,
sz.000807,ok,1932,2025-12-31
sz.000813,ok,1940,2025-12-31
sz.000816,ok,1939,2025-12-31
sz.000818,ok,1925,2025-12-31
sz.000825,ok,1834,2025-12-31
sz.000826,ok,1918,2025-12-31
sz.000829,ok,1942,2025-12-31
sz.000830,ok,1932,2025-12-31
sz.000831,ok,1942,2025-12-31
sz.000839,ok,1940,2025-12-31
sz.000848,ok,1942,2025-12-31
sz.000858,ok,1942,2025-12-31
sz.000860,ok,1942,2025-12-31
sz.000869,ok,1942,2025-12-31
sz.000876,ok,1942,2025-12-31
sz.000877,ok,1931,2025-12-31
sz.000878,ok,1923,2025-12-31
sz.000883,ok,1942,2025-12-31
sz.000887,ok,1942,2025-12-31
sz.000893,ok,1929,2025-12-31
sz.000895,ok,1927,2025-12-31
sz.000897,ok,1940,2025-12-31
sz.000898,ok,1942,2025-12-31
sz.000921,ok,1942,2025-12-31
sz.000926,ok,1936,2025-12-31
sz.000930,ok,1852,2025-12-31
sz.000932,ok,1935,2025-12-31
sz.000933,ok,1932,2025-12-31
sz.000937,ok,1942,2025-12-31
sz.000938,ok,1937,2025-12-31
sz.000939,fail,0,
sz.000951,ok,1942,2025-12-31
sz.000958,ok,1921,2025-12-31
sz.000959,ok,1920,2025-12-31
sz.000960,ok,1942,2025-12-31
sz.000961,fail,0,
sz.000963,ok,1942,2025-12-31
sz.000967,ok,1886,2025-12-31
sz.000969,ok,1942,2025-12-31
sz.000970,ok,1936,2025-12-31
sz.000975,ok,1927,2025-12-31
sz.000977,ok,1936,2025-12-31
sz.000979,fail,0,
sz.000980,ok,1924,2025-12-31
sz.000981,ok,1873,2025-12-31
sz.000983,ok,1932,2025-12-31
sz.000987,ok,1931,2025-12-31
sz.000988,ok,1942,2025-12-31
sz.000990,ok,1942,2025-12-31
sz.000997,ok,1942,2025-12-31
sz.000998,ok,1922,2025-12-31
sz.000999,ok,1942,2025-12-31
sz.001203,ok,1131,2025-12-31
sz.001213,ok,1045,2025-12-31
sz.001221,ok,105,2025-12-31
sz.001227,ok,960,2025-12-31
sz.001286,ok,664,2025-12-31
sz.001289,ok,955,2025-12-31
sz.001389,ok,426,2025-12-31
sz.001391,ok,245,2025-12-31
sz.001696,ok,1942,2025-12-31
sz.001872,ok,1702,2025-12-31
sz.001914,ok,1931,2025-12-31
sz.001965,ok,1942,2025-12-31
sz.001979,ok,1926,2025-12-31
sz.002001,ok,1942,2025-12-31
sz.002002,fail,0,
sz.002004,ok,1896,2025-12-31
sz.002005,ok,1821,2025-12-31
sz.002007,ok,1942,2025-12-31
sz.002008,ok,1942,2025-12-31
sz.002010,ok,1932,2025-12-31
sz.002011,ok,1826,2025-12-31
sz.002013,fail,0,
sz.002018,fail,0,
sz.002019,ok,1942,2025-12-31
sz.002022,ok,1935,2025-12-31
sz.002024,ok,1925,2025-12-31
sz.002025,ok,1942,2025-12-31
sz.002027,ok,1942,2025-12-31
sz.002028,ok,1942,2025-12-31
sz.002030,ok,1942,2025-12-31
sz.002032,ok,1941,2025-12-31
sz.002038,ok,1942,2025-12-31
sz.002041,ok,1942,2025-12-31
sz.002044,ok,1942,2025-12-31
sz.002048,ok,1942,2025-12-31
sz.002049,ok,1924,2025-12-29
sz.002050,ok,1942,2025-12-31
sz.002051,ok,1824,2025-12-31
sz.002056,ok,1942,2025-12-31
sz.002063,ok,1942,2025-12-31
sz.002064,ok,1927,2025-12-31
sz.002065,ok,1932,2025-12-31
sz.002073,ok,1932,2025-12-31
sz.002074,ok,1935,2025-12-31
sz.002075,ok,1725,2025-12-31
sz.002078,ok,1942,2025-12-31
sz.002080,ok,1932,2025-12-31
sz.002081,ok,1942,2025-12-31
sz.002085,ok,1894,2025-12-31
sz.002092,ok,1930,2025-12-31
sz.002093,ok,1942,2025-12-31
sz.002106,ok,1942,2025-12-31
sz.002110,ok,1935,2025-12-31
sz.002118,fail,0,
sz.002120,ok,1942,2025-12-31
sz.002122,ok,1851,2025-12-31
sz.002123,ok,1922,2025-12-31
sz.002124,ok,1928,2025-12-31
sz.002126,ok,1942,2025-12-31
sz.002127,ok,1942,2025-12-31
sz.002128,ok,1917,2025-12-31
sz.002129,ok,1926,2025-12-31
sz.002130,ok,1926,2025-12-31
sz.002131,ok,1942,2025-12-31
sz.002138,ok,1942,2025-12-31
sz.002142,ok,1936,2025-12-31
sz.002146,ok,1932,2025-12-31
sz.002147,fail,0,
sz.002152,ok,1942,2025-12-31
sz.002153,ok,1939,2025-12-31
sz.002155,ok,1942,2025-12-31
sz.002156,ok,1942,2025-12-31
sz.002157,ok,1939,2025-12-31
sz.002174,ok,1942,2025-12-31
sz.002176,ok,1930,2025-12-31
sz.002179,ok,1942,2025-12-31
sz.002180,ok,1933,2025-12-31
sz.002183,ok,1928,2025-12-31
sz.002185,ok,1926,2025-12-31
sz.002190,ok,1940,2025-12-31
sz.002191,ok,1942,2025-12-31
sz.002192,ok,1940,2025-12-31
sz.002195,ok,1942,2025-12-31
sz.002202,ok,1936,2025-12-31
sz.002203,ok,1942,2025-12-31
sz.002212,ok,1898,2025-12-31
sz.002217,ok,1899,2025-12-31
sz.002221,ok,1934,2025-12-31
sz.002223,ok,1942,2025-12-31
sz.002230,ok,1942,2025-12-31
sz.002233,ok,1942,2025-12-31
sz.002236,ok,1940,2025-12-31
sz.002240,ok,1940,2025-12-31
sz.002241,ok,1942,2025-12-31
sz.002242,ok,1942,2025-12-31
sz.002244,ok,1942,2025-12-31
sz.002249,ok,1942,2025-12-31
sz.002250,ok,1942,2025-12-31
sz.002251,ok,1913,2025-12-31
sz.002252,ok,1733,2025-12-31
sz.002254,ok,1920,2025-12-31
sz.002261,ok,1942,2025-12-31
sz.002262,ok,1942,2025-12-31
sz.002265,ok,1931,2025-12-31
sz.002266,ok,1931,2025-12-31
sz.002268,ok,1942,2025-12-31
sz.002269,ok,1942,2025-12-31
sz.002271,ok,1942,2025-12-31
sz.002273,ok,1942,2025-12-31
sz.002276,ok,1942,2025-12-31
sz.002277,ok,1930,2025-12-31
sz.002280,fail,0,
sz.002281,ok,1942,2025-12-31
sz.002285,ok,1927,2025-12-31
sz.002292,ok,1942,2025-12-31
sz.002294,ok,1942,2025-12-31
sz.002299,ok,1942,2025-12-31
sz.002302,ok,1942,2025-12-31
sz.002304,ok,1942,2025-12-31
sz.002308,fail,0,
sz.002310,ok,1869,2025-12-31
sz.002311,ok,1942,2025-12-31
sz.002312,ok,1846,2025-12-31
sz.002317,ok,1942,2025-12-31
sz.002318,ok,1942,2025-12-31
sz.002325,fail,0,
sz.002326,ok,1942,2025-12-31
sz.002332,ok,1942,2025-12-31
sz.002335,ok,1942,2025-12-31
sz.002340,ok,1942,2025-12-31
sz.002342,ok,1934,2025-12-31
sz.002344,ok,1916,2025-12-31
sz.002345,ok,1875,2025-12-31
sz.002352,ok,1939,2025-12-31
sz.002353,ok,1942,2025-12-31
sz.002354,ok,1930,2025-12-31
sz.002358,ok,1899,2025-12-31
sz.002359,fail,0,
sz.002366,ok,1859,2025-12-31
sz.002368,ok,1942,2025-12-31
sz.002371,ok,1942,2025-12-31
sz.002372,ok,1942,2025-12-31
sz.002373,ok,1937,2025-12-31
sz.002375,ok,1942,2025-12-31
sz.002382,ok,1933,2025-12-31
sz.002384,ok,1872,2025-12-31
sz.002385,ok,1937,2025-12-31
sz.002387,ok,1909,2025-12-31
sz.002390,ok,1937,2025-12-31
sz.002392,ok,1942,2025-12-31
sz.002396,ok,1942,2025-12-31
sz.002399,ok,1942,2025-12-31
sz.002400,ok,1942,2025-12-31
sz.002402,ok,1928,2025-12-31
sz.002405,ok,1942,2025-12-31
sz.002407,ok,1942,2025-12-31
sz.002408,ok,1833,2025-12-31
sz.002409,ok,1937,2025-12-31
sz.002410,ok,1942,2025-12-31
sz.002411,fail,0,
sz.002414,ok,1942,2025-12-31
sz.002415,ok,1940,2025-12-31
sz.002416,ok,1942,2025-12-31
sz.002419,ok,1942,2025-12-31
sz.002422,ok,1942,2025-12-31
sz.002423,ok,1850,2025-12-31
sz.002424,ok,1939,2025-12-31
sz.002426,ok,1930,2025-12-31
sz.002428,ok,1942,2025-12-31
sz.002429,ok,1937,2025-12-31
sz.002430,ok,1942,2025-12-31
sz.002431,ok,1867,2025-12-31
sz.002432,ok,1942,2025-12-31
sz.002434,ok,1942,2025-12-31
sz.002436,ok,1873,2025-12-31
sz.002437,ok,1834,2025-12-31
sz.002439,ok,1937,2025-12-31
sz.002440,ok,1942,2025-12-31
sz.002444,ok,1942,2025-12-31
sz.002450,fail,0,
sz.002456,ok,1927,2025-12-31
sz.002458,ok,1922,2025-12-31
sz.002459,ok,1870,2025-12-31
sz.002460,ok,1942,2025-12-31
sz.002461,ok,1942,2025-12-31
sz.002463,ok,1942,2025-12-31
sz.002465,ok,1942,2025-12-31
sz.002466,ok,1923,2025-12-31
sz.002468,ok,1942,2025-12-31
sz.002470,ok,1906,2025-12-31
sz.002472,ok,1942,2025-12-31
sz.002475,ok,1942,2025-12-31
sz.002477,fail,0,
sz.002479,ok,1942,2025-12-31
sz.002482,ok,1938,2025-12-31
sz.002487,ok,1942,2025-12-31
sz.002489,ok,1942,2025-12-31
sz.002491,ok,1942,2025-12-31
sz.002493,ok,1942,2025-12-31
sz.002497,ok,1942,2025-12-31
sz.002500,ok,1937,2025-12-31
sz.002503,fail,0,
sz.002505,fail,0,
sz.002506,ok,1933,2025-12-31
sz.002507,ok,1885,2025-12-31
sz.002508,ok,1942,2025-12-31
sz.002509,fail,0,
sz.002511,ok,1942,2025-12-31
sz.002512,ok,1794,2025-12-31
sz.002517,ok,1906,2025-12-31
sz.002518,ok,1942,2025-12-31
sz.002531,ok,1936,2025-12-31
sz.002532,ok,1859,2025-12-31
sz.002544,ok,1942,2025-12-31
sz.002551,ok,1942,2025-12-31
sz.002555,ok,1942,2025-12-31
sz.002557,ok,1942,2025-12-31
sz.002558,ok,1907,2025-12-31
sz.002563,ok,1942,2025-12-31
sz.002568,ok,1942,2025-12-31
sz.002572,ok,1942,2025-12-31
sz.002573,ok,1861,2025-12-31
sz.002583,ok,1942,2025-12-31
sz.002588,ok,1942,2025-12-31
sz.002589,ok,1942,2025-12-31
sz.002594,ok,1942,2025-12-31
sz.002595,ok,1942,2025-12-31
sz.002600,ok,1942,2025-12-31
sz.002601,ok,1902,2025-12-31
sz.002602,ok,1840,2025-12-31
sz.002603,ok,1942,2025-12-31
sz.002607,ok,1844,2025-12-31
sz.002608,ok,1942,2025-12-31
sz.002624,ok,1932,2025-12-31
sz.002625,ok,1940,2025-12-31
sz.002635,ok,1942,2025-12-31
sz.002640,ok,1940,2025-12-31
sz.002642,ok,1935,2025-12-31
sz.002648,ok,1942,2025-12-31
sz.002653,ok,1942,2025-12-31
sz.002657,ok,1942,2025-12-31
sz.002663,ok,1932,2025-12-31
sz.002665,fail,0,
sz.002670,ok,1912,2025-12-31
sz.002672,ok,1942,2025-12-31
sz.002673,ok,1942,2025-12-31
sz.002681,ok,1940,2025-12-31
sz.002683,ok,1932,2025-12-31
sz.002690,ok,1942,2025-12-31
sz.002699,fail,0,
sz.002701,ok,1942,2025-12-31
sz.002705,ok,1942,2025-12-31
sz.002707,ok,1899,2025-12-31
sz.002709,ok,1942,2025-12-31
sz.002714,ok,1942,2025-12-31
sz.002736,ok,1932,2025-12-31
sz.002738,ok,1886,2025-12-31
sz.002739,ok,1733,2025-12-31
sz.002745,ok,1939,2025-12-31
sz.002756,ok,1942,2025-12-31
sz.002761,ok,1901,2025-12-31
sz.002773,ok,1942,2025-12-31
sz.002791,ok,1942,2025-12-31
sz.002797,ok,1942,2025-12-31
sz.002807,ok,1942,2025-12-31
sz.002812,ok,1927,2025-12-31
sz.002815,ok,1942,2025-12-31
sz.002818,ok,1942,2025-12-31
sz.002821,ok,1942,2025-12-31
sz.002831,ok,1942,2025-12-31
sz.002837,ok,1936,2025-12-31
sz.002839,ok,1942,2025-12-31
sz.002841,ok,1942,2025-12-31
sz.002850,ok,1942,2025-12-31
sz.002851,ok,1872,2025-12-31
sz.002865,ok,1942,2025-12-31
sz.002867,ok,1942,2025-12-31
sz.002901,ok,1942,2025-12-31
sz.002916,ok,1940,2025-12-31
sz.002920,ok,1942,2025-12-31
sz.002925,ok,1931,2025-12-31
sz.002926,ok,1918,2025-12-31
sz.002936,ok,1766,2025-12-31
sz.002938,ok,1767,2025-12-31
sz.002939,ok,1745,2025-12-31
sz.002941,ok,1722,2025-12-31
sz.002945,ok,1688,2025-12-31
sz.002946,ok,1682,2025-12-31
sz.002948,ok,1683,2025-12-31
sz.002957,ok,1562,2025-12-31
sz.002958,ok,1645,2025-12-31
sz.002966,ok,1557,2025-12-31
sz.002984,ok,1286,2025-12-31
sz.002985,ok,1378,2025-12-31
sz.003021,ok,1232,2025-12-31
sz.003022,ok,1230,2025-12-31
sz.003031,ok,1202,2025-12-31
sz.003035,ok,1201,2025-12-31
sz.003816,ok,1541,2025-12-31
sz.300001,ok,1942,2025-12-31
sz.300002,ok,1942,2025-12-31
sz.300003,ok,1942,2025-12-31
sz.300009,ok,1942,2025-12-31
sz.300010,ok,1907,2025-12-31
sz.300012,ok,1942,2025-12-31
sz.300014,ok,1942,2025-12-31
sz.300015,ok,1936,2025-12-31
sz.300017,ok,1942,2025-12-31
sz.300024,ok,1942,2025-12-31
sz.300026,ok,1939,2025-12-31
sz.300027,ok,1942,2025-12-31
sz.300032,ok,1856,2025-12-31
sz.300033,ok,1942,2025-12-31
sz.300037,ok,1942,2025-12-31
sz.300039,ok,1942,2025-12-31
sz.300043,ok,1942,2025-12-31
sz.300054,ok,1939,2025-12-31
sz.300055,ok,1942,2025-12-31
sz.300058,ok,1942,2025-12-31
sz.300059,ok,1942,2025-12-31
sz.300070,ok,1933,2025-12-31
sz.300072,ok,1922,2025-12-31
sz.300073,ok,1927,2025-12-31
sz.300088,ok,1927,2025-12-31
sz.300100,ok,1937,2025-12-31
sz.300113,ok,1942,2025-12-31
sz.300114,fail,0,
sz.300115,ok,1942,2025-12-31
sz.300116,fail,0,
sz.300118,ok,1877,2025-12-31
sz.300122,ok,1942,2025-12-31
sz.300124,ok,1931,2025-12-31
sz.300133,ok,1942,2025-12-31
sz.300134,ok,1884,2025-12-31
sz.300136,ok,1942,2025-12-31
sz.300140,ok,1909,2025-12-31
sz.300142,ok,1942,2025-12-31
sz.300144,ok,1942,2025-12-31
sz.300146,ok,1822,2025-12-31
sz.300147,ok,1941,2025-12-31
sz.300156,fail,0,
sz.300159,ok,1886,2025-12-31
sz.300166,ok,1942,2025-12-31
sz.300168,ok,1937,2025-12-31
sz.300180,ok,1942,2025-12-31
sz.300182,ok,1937,2025-12-31
sz.300197,ok,1785,2025-12-31
sz.300199,ok,1942,2025-12-31
sz.300202,fail,0,
sz.300207,ok,1937,2025-12-31
sz.300212,ok,1942,2025-12-31
sz.300223,ok,1921,2025-12-31
sz.300244,ok,1942,2025-12-31
sz.300251,ok,1942,2025-12-31
sz.300253,ok,1927,2025-12-31
sz.300257,ok,1942,2025-12-31
sz.300266,ok,1836,2025-12-31
sz.300271,ok,1942,2025-12-31
sz.300273,fail,0,
sz.300274,ok,1942,2025-12-31
sz.300285,ok,1937,2025-12-31
sz.300287,ok,1942,2025-12-31
sz.300291,ok,1924,2025-12-31
sz.300296,ok,1942,2025-12-31
sz.300297,fail,0,
sz.300308,ok,1942,2025-12-31
sz.300315,ok,1942,2025-12-31
sz.300316,ok,1942,2025-12-31
sz.300324,ok,1813,2025-12-31
sz.300339,ok,1924,2025-12-31
sz.300346,ok,1934,2025-12-31
sz.300347,ok,1942,2025-12-31
sz.300357,ok,1942,2025-12-31
sz.300363,ok,1926,2025-12-31
sz.300373,ok,1932,2025-12-31
sz.300376,ok,1941,2025-12-31
sz.300383,ok,1878,2025-12-31
sz.300390,ok,1939,2025-12-31
sz.300394,ok,1937,2025-12-31
sz.300395,ok,1942,2025-12-31
sz.300408,ok,1942,2025-12-31
sz.300413,ok,1931,2025-12-31
sz.300418,ok,1942,2025-12-31
sz.300432,ok,1942,2025-12-31
sz.300433,ok,1942,2025-12-31
sz.300438,ok,1938,2025-12-31
sz.300442,ok,1932,2025-12-31
sz.300450,ok,1942,2025-12-31
sz.300454,ok,1855,2025-12-31
sz.300458,ok,1942,2025-12-31
sz.300459,ok,1942,2025-12-31
sz.300463,ok,1942,2025-12-31
sz.300474,ok,1942,2025-12-31
sz.300476,ok,1942,2025-12-31
sz.300482,ok,1937,2025-12-31
sz.300487,ok,1933,2025-12-31
sz.300496,ok,1942,2025-12-31
sz.300498,ok,1942,2025-12-31
sz.300502,ok,1942,2025-12-31
sz.300529,ok,1942,2025-12-31
sz.300558,ok,1942,2025-12-31
sz.300567,ok,1942,2025-12-31
sz.300568,ok,1942,2025-12-31
sz.300570,ok,1942,2025-12-31
sz.300573,ok,1942,2025-12-31
sz.300595,ok,1942,2025-12-31
sz.300601,ok,1942,2025-12-31
sz.300604,ok,1931,2025-12-31
sz.300618,ok,1942,2025-12-31
sz.300623,ok,1942,2025-12-31
sz.300627,ok,1942,2025-12-31
sz.300628,ok,1942,2025-12-31
sz.300630,fail,0,
sz.300661,ok,1932,2025-12-31
sz.300676,ok,1942,2025-12-31
sz.300677,ok,1942,2025-12-31
sz.300679,ok,1932,2025-12-31
sz.300682,ok,1891,2025-12-31
sz.300699,ok,1942,2025-12-31
sz.300718,ok,1942,2025-12-31
sz.300724,ok,1794,2025-12-31
sz.300735,ok,1942,2025-12-31
sz.300741,ok,1905,2025-12-31
sz.300748,ok,1764,2025-12-31
sz.300751,ok,1735,2025-12-31
sz.300757,ok,1675,2025-12-31
sz.300759,ok,1681,2025-12-31
sz.300760,ok,1753,2025-12-31
sz.300763,ok,1650,2025-12-31
sz.300765,ok,1627,2025-12-31
sz.300769,ok,1632,2025-12-31
sz.300776,ok,1611,2025-12-31
sz.300782,ok,1590,2025-12-31
sz.300803,ok,1487,2025-12-31
sz.300832,ok,1372,2025-12-31
sz.300850,ok,1324,2025-12-31
sz.300857,ok,1320,2025-12-31
sz.300861,ok,1300,2025-12-31
sz.300866,ok,1300,2025-12-31
sz.300869,ok,1300,2025-12-31
sz.300888,ok,1282,2025-12-31
sz.300896,ok,1275,2025-12-31
sz.300919,ok,1219,2025-12-31
sz.300957,ok,1159,2025-12-31
sz.300972,ok,1143,2025-12-31
sz.300979,ok,1138,2025-12-31
sz.300999,ok,1268,2025-12-31
sz.301029,ok,1078,2025-12-31
sz.301165,ok,757,2025-12-31
sz.301200,ok,935,2025-12-31
sz.301236,ok,924,2025-12-31
sz.301267,ok,767,2025-12-31
sz.301269,ok,822,2025-12-31
sz.301301,ok,731,2025-12-31
sz.301308,ok,827,2025-12-31
sz.301358,ok,705,2025-12-31
sz.301498,ok,577,2025-12-31
sz.301536,ok,429,2025-12-31
sz.301611,ok,334,2025-12-31
sz.302132,ok,1932,2025-12-31
