ticker,status,rows,last_date
NVDA,ok,2011,2025-12-31
GOOGL,ok,2011,2025-12-31
GOOG,ok,2011,2025-12-31
AAPL,ok,2011,2025-12-31
MSFT,ok,2011,2025-12-31
AMZN,ok,2011,2025-12-31
TSM,ok,2011,2025-12-31
SPCX,fail,0,
AVGO,ok,2011,2025-12-31
TSLA,ok,2011,2025-12-31
META,ok,2011,2025-12-31
MU,ok,2011,2025-12-31
LLY,ok,2011,2025-12-31
WMT,ok,2011,2025-12-31
JPM,ok,2011,2025-12-31
AMD,ok,2011,2025-12-31
ASML,ok,2011,2025-12-31
INTC,ok,2011,2025-12-31
GOOGM,fail,0,
GOOGN,fail,0,
V,ok,2011,2025-12-31
XOM,ok,2011,2025-12-31
JNJ,ok,2011,2025-12-31
AZN,ok,2011,2025-12-31
ORCL,ok,2011,2025-12-31
CSCO,ok,2011,2025-12-31
LRCX,ok,2011,2025-12-31
AMAT,ok,2011,2025-12-31
COST,ok,2011,2025-12-31
MA,ok,2011,2025-12-31
CAT,ok,2011,2025-12-31
ARM,ok,577,2025-12-31
ABBV,ok,2011,2025-12-31
BAC,ok,2011,2025-12-31
CVX,ok,2011,2025-12-31
UNH,ok,2011,2025-12-31
KO,ok,2011,2025-12-31
GE,ok,2011,2025-12-31
PG,ok,2011,2025-12-31
NFLX,ok,2011,2025-12-31
MS,ok,2011,2025-12-31
HD,ok,2011,2025-12-31
HSBC,ok,2011,2025-12-31
GS,ok,2011,2025-12-31
PLTR,ok,1320,2025-12-31
MRK,ok,2011,2025-12-31
SNDK,ok,222,2025-12-31
NVS,ok,2011,2025-12-31
PM,ok,2011,2025-12-31
RY,ok,2011,2025-12-31
TM,ok,2011,2025-12-31
TXN,ok,2011,2025-12-31
BABA,ok,2011,2025-12-31
DELL,ok,2011,2025-12-31
WFC,ok,2011,2025-12-31
IBM,ok,2011,2025-12-31
GEV,ok,443,2025-12-31
SHEL,ok,2011,2025-12-31
RTX,ok,2011,2025-12-31
MRVL,ok,2011,2025-12-31
LIN,ok,2011,2025-12-31
MUFG,ok,2011,2025-12-31
C,ok,2011,2025-12-31
BHP,ok,2011,2025-12-31
CCZ,ok,1496,2025-12-31
PANW,ok,2011,2025-12-31
QCOM,ok,2011,2025-12-31
AXP,ok,2011,2025-12-31
STX,ok,2011,2025-12-31
ANET,ok,2011,2025-12-31
TMUS,ok,2011,2025-12-31
ADI,ok,2011,2025-12-31
MCD,ok,2011,2025-12-31
SAP,ok,2011,2025-12-31
VZ,ok,2011,2025-12-31
PEP,ok,2011,2025-12-31
NVO,ok,2011,2025-12-31
WDC,ok,2011,2025-12-31
TD,ok,2011,2025-12-31
TTE,ok,2011,2025-12-31
AMGN,ok,2011,2025-12-31
SAN,ok,2011,2025-12-31
APH,ok,2011,2025-12-31
TJX,ok,2011,2025-12-31
NEE,ok,2011,2025-12-31
TMO,ok,2011,2025-12-31
CRWD,ok,1649,2025-12-31
DIS,ok,2011,2025-12-31
BA,ok,2011,2025-12-31
APP,ok,1185,2025-12-31
T,ok,2011,2025-12-31
UNP,ok,2011,2025-12-31
BLK,ok,2011,2025-12-31
SCHW,ok,2011,2025-12-31
SMFG,ok,2011,2025-12-31
SCCO,ok,2011,2025-12-31
GILD,ok,2011,2025-12-31
DE,ok,2011,2025-12-31
GLW,ok,2011,2025-12-31
IBKR,ok,2011,2025-12-31
ABT,ok,2011,2025-12-31
ETN,ok,2011,2025-12-31
UBS,ok,2011,2025-12-31
WELL,ok,2011,2025-12-31
PFE,ok,2011,2025-12-31
BUD,ok,2011,2025-12-31
TBB,ok,2011,2025-12-31
ISRG,ok,2011,2025-12-31
COP,ok,2011,2025-12-31
SHOP,ok,2011,2025-12-31
UBER,ok,1671,2025-12-31
HON,ok,2011,2025-12-31
PLD,ok,2011,2025-12-31
BTI,ok,2011,2025-12-31
CRM,ok,2011,2025-12-31
BBVA,ok,2011,2025-12-31
RIO,ok,2011,2025-12-31
UL,ok,2011,2025-12-31
CVS,ok,2011,2025-12-31
BKNG,ok,2011,2025-12-31
DHR,ok,2011,2025-12-31
CB,ok,2011,2025-12-31
LMT,ok,2011,2025-12-31
SPGI,ok,2011,2025-12-31
LOW,ok,2011,2025-12-31
HDB,ok,2011,2025-12-31
SONY,ok,2011,2025-12-31
ENB,ok,2011,2025-12-31
MFG,ok,2011,2025-12-31
MO,ok,2011,2025-12-31
SYK,ok,2011,2025-12-31
PGR,ok,2011,2025-12-31
BMO,ok,2011,2025-12-31
PBR,ok,2011,2025-12-31
SBUX,ok,2011,2025-12-31
BMY,ok,2011,2025-12-31
VRT,ok,1864,2025-12-31
PDD,ok,1869,2025-12-31
PH,ok,2011,2025-12-31
COF,ok,2011,2025-12-31
ACN,ok,2011,2025-12-31
VRTX,ok,2011,2025-12-31
BP,ok,2011,2025-12-31
BN,ok,2011,2025-12-31
GSK,ok,2011,2025-12-31
SNY,ok,2011,2025-12-31
FTNT,ok,2011,2025-12-31
NEM,ok,2011,2025-12-31
PWR,ok,2011,2025-12-31
CDNS,ok,2011,2025-12-31
MAR,ok,2011,2025-12-31
SO,ok,2011,2025-12-31
HWM,ok,2011,2025-12-31
NOW,ok,2011,2025-12-31
EQIX,ok,2011,2025-12-31
CM,ok,2011,2025-12-31
BNS,ok,2011,2025-12-31
MDT,ok,2011,2025-12-31
TT,ok,2011,2025-12-31
SPOT,ok,1949,2025-12-31
IBN,ok,2011,2025-12-31
BNY,ok,2011,2025-12-31
FCX,ok,2011,2025-12-31
CME,ok,2011,2025-12-31
DUK,ok,2011,2025-12-31
GD,ok,2011,2025-12-31
PNC,ok,2011,2025-12-31
CNQ,ok,2011,2025-12-31
MCK,ok,2011,2025-12-31
UPS,ok,2011,2025-12-31
CEG,ok,992,2025-12-31
USB,ok,2011,2025-12-31
BX,ok,2011,2025-12-31
ADP,ok,2011,2025-12-31
CMI,ok,2011,2025-12-31
MNST,ok,2011,2025-12-31
EQNR,ok,2011,2025-12-31
BCS,ok,2011,2025-12-31
JCI,ok,2011,2025-12-31
CSX,ok,2011,2025-12-31
WMB,ok,2011,2025-12-31
WM,ok,2011,2025-12-31
ITUB,ok,2011,2025-12-31
ELV,ok,2011,2025-12-31
ING,ok,2011,2025-12-31
CMCSA,ok,2011,2025-12-31
AMT,ok,2011,2025-12-31
SNPS,ok,2011,2025-12-31
KKR,ok,2011,2025-12-31
HCA,ok,2011,2025-12-31
NOK,ok,2011,2025-12-31
ASX,ok,2011,2025-12-31
E,ok,2011,2025-12-31
SLB,ok,2011,2025-12-31
HOOD,ok,1112,2025-12-31
AMX,ok,2011,2025-12-31
RACE,ok,2011,2025-12-31
MMM,ok,2011,2025-12-31
ADBE,ok,2011,2025-12-31
DDOG,ok,1580,2025-12-31
LYG,ok,2011,2025-12-31
AEM,ok,2011,2025-12-31
MRSH,ok,2011,2025-12-31
NGG,ok,2011,2025-12-31
MDLZ,ok,2011,2025-12-31
NET,ok,1584,2025-12-31
FDX,ok,2011,2025-12-31
SNOW,ok,1330,2025-12-31
EPD,ok,2011,2025-12-31
MELI,ok,2011,2025-12-31
CP,ok,2011,2025-12-31
NTES,ok,2011,2025-12-31
EMR,ok,2011,2025-12-31
ABNB,ok,1270,2025-12-31
ICE,ok,2011,2025-12-31
RCL,ok,2011,2025-12-31
CI,ok,2011,2025-12-31
HLT,ok,2011,2025-12-31
SHW,ok,2011,2025-12-31
MCO,ok,2011,2025-12-31
NOC,ok,2011,2025-12-31
MPWR,ok,2011,2025-12-31
BAM,ok,773,2025-12-31
APO,ok,2011,2025-12-31
ROST,ok,2011,2025-12-31
NXPI,ok,2011,2025-12-31
MPC,ok,2011,2025-12-31
VLO,ok,2011,2025-12-31
INTU,ok,2011,2025-12-31
ORLY,ok,2011,2025-12-31
COHR,ok,2011,2025-12-31
ECL,ok,2011,2025-12-31
ITW,ok,2011,2025-12-31
BE,ok,1870,2025-12-31
GM,ok,2011,2025-12-31
EOG,ok,2011,2025-12-31
SU,ok,2011,2025-12-31
CNI,ok,2011,2025-12-31
TRP,ok,2011,2025-12-31
PSX,ok,2011,2025-12-31
LITE,ok,2011,2025-12-31
AON,ok,2011,2025-12-31
CL,ok,2011,2025-12-31
CRH,ok,2011,2025-12-31
KMI,ok,2011,2025-12-31
SPG,ok,2011,2025-12-31
CTAS,ok,2011,2025-12-31
NSC,ok,2011,2025-12-31
AEP,ok,2011,2025-12-31
CVNA,ok,2011,2025-12-31
TDG,ok,2011,2025-12-31
BSX,ok,2011,2025-12-31
STM,ok,2011,2025-12-31
MSI,ok,2011,2025-12-31
NWG,ok,2011,2025-12-31
WBD,ok,2011,2025-12-31
B,ok,2011,2025-12-31
URI,ok,2011,2025-12-31
MFC,ok,2011,2025-12-31
VALE,ok,2011,2025-12-31
NKE,ok,2011,2025-12-31
FIX,ok,2011,2025-12-31
ET,ok,2011,2025-12-31
DASH,ok,1271,2025-12-31
TRV,ok,2011,2025-12-31
DLR,ok,2011,2025-12-31
RSG,ok,2011,2025-12-31
TFC,ok,2011,2025-12-31
REGN,ok,2011,2025-12-31
HPE,ok,2011,2025-12-31
CIEN,ok,2011,2025-12-31
TER,ok,2011,2025-12-31
ALAB,ok,448,2025-12-31
APD,ok,2011,2025-12-31
DB,ok,2011,2025-12-31
BKR,ok,2011,2025-12-31
PCAR,ok,2011,2025-12-31
BRKRP,ok,83,2025-12-31
GWW,ok,2011,2025-12-31
RELX,ok,2011,2025-12-31
TGT,ok,2011,2025-12-31
TEL,ok,2011,2025-12-31
NUE,ok,2011,2025-12-31
SRE,ok,2011,2025-12-31
AFL,ok,2011,2025-12-31
KEYS,ok,2011,2025-12-31
D,ok,2011,2025-12-31
RKLB,ok,1281,2025-12-31
NU,ok,1019,2025-12-31
F,ok,2011,2025-12-31
NBIS,ok,300,2025-12-31
IMO,ok,2011,2025-12-31
TRGP,ok,2011,2025-12-31
O,ok,2011,2025-12-31
CARR,ok,1455,2025-12-31
MPLX,ok,2011,2025-12-31
LHX,ok,2011,2025-12-31
PSA,ok,2011,2025-12-31
MET,ok,2011,2025-12-31
OKE,ok,2011,2025-12-31
ALL,ok,2011,2025-12-31
OXY,ok,2011,2025-12-31
AJG,ok,2011,2025-12-31
SOMN,ok,40,2025-12-31
ARGX,ok,2011,2025-12-31
CRWV,ok,192,2025-12-31
FLEX,ok,2011,2025-12-31
COR,ok,2011,2025-12-31
DAL,ok,2011,2025-12-31
UMC,ok,2011,2025-12-31
FANG,ok,2011,2025-12-31
MT,ok,2011,2025-12-31
FAST,ok,2011,2025-12-31
CVE,ok,2011,2025-12-31
WPM,ok,2011,2025-12-31
CAH,ok,2011,2025-12-31
DVN,ok,2011,2025-12-31
AME,ok,2011,2025-12-31
MCHP,ok,2011,2025-12-31
AZO,ok,2011,2025-12-31
ABEV,ok,2011,2025-12-31
ROK,ok,2011,2025-12-31
ODFL,ok,2011,2025-12-31
EA,ok,2011,2025-12-31
CTVA,ok,1661,2025-12-31
HBANL,ok,714,2025-12-31
ETR,ok,2011,2025-12-31
SE,ok,2011,2025-12-31
LNG,ok,2011,2025-12-31
NDAQ,ok,2011,2025-12-31
TAK,ok,2011,2025-12-31
VST,ok,2011,2025-12-31
FITB,ok,2011,2025-12-31
XEL,ok,2011,2025-12-31
EW,ok,2011,2025-12-31
FER,ok,2011,2025-12-31
INFY,ok,2011,2025-12-31
EBAY,ok,2011,2025-12-31
MDLN,ok,10,2025-12-31
EXC,ok,2011,2025-12-31
STT,ok,2011,2025-12-31
HEI,ok,2011,2025-12-31
CRDO,ok,986,2025-12-31
CBRS,fail,0,
GRMN,ok,2011,2025-12-31
ON,ok,2011,2025-12-31
HUM,ok,2011,2025-12-31
DEO,ok,2011,2025-12-31
PCG,ok,2011,2025-12-31
GFS,ok,1048,2025-12-31
CLS,ok,2011,2025-12-31
CCEP,ok,2011,2025-12-31
WAB,ok,2011,2025-12-31
FERG,ok,2011,2025-12-31
IX,ok,2011,2025-12-31
ARES,ok,2011,2025-12-31
IDXX,ok,2011,2025-12-31
FMX,ok,2011,2025-12-31
CCJ,ok,2011,2025-12-31
WDS,ok,2011,2025-12-31
DHI,ok,2011,2025-12-31
MSCI,ok,2011,2025-12-31
AU,ok,2011,2025-12-31
MSTR,ok,2011,2025-12-31
MCHPP,ok,197,2025-12-31
KDP,ok,2011,2025-12-31
VIV,ok,2011,2025-12-31
YUM,ok,2011,2025-12-31
SLF,ok,2011,2025-12-31
COIN,ok,1186,2025-12-31
HBANM,ok,1146,2025-12-31
ADSK,ok,2011,2025-12-31
CCL,ok,2011,2025-12-31
ERIC,ok,2011,2025-12-31
XYZ,ok,2011,2025-12-31
CMG,ok,2011,2025-12-31
AMP,ok,2011,2025-12-31
VTR,ok,2011,2025-12-31
VIK,ok,419,2025-12-31
STLD,ok,2011,2025-12-31
BTSGU,ok,485,2025-12-31
HLN,ok,864,2025-12-31
LYV,ok,2011,2025-12-31
JBL,ok,2011,2025-12-31
BSBR,ok,2011,2025-12-31
HBANZ,fail,0,
FNV,ok,2011,2025-12-31
TEVA,ok,2011,2025-12-31
BDX,ok,2011,2025-12-31
CCI,ok,2011,2025-12-31
AIG,ok,2011,2025-12-31
WCN,ok,2011,2025-12-31
ESLT,ok,2011,2025-12-31
PEG,ok,2011,2025-12-31
ED,ok,2011,2025-12-31
KR,ok,2011,2025-12-31
BIDU,ok,2011,2025-12-31
TTWO,ok,2011,2025-12-31
CBRE,ok,2011,2025-12-31
JD,ok,2011,2025-12-31
TKO,ok,2011,2025-12-31
ADM,ok,2011,2025-12-31
KB,ok,2011,2025-12-31
HMC,ok,2011,2025-12-31
SYY,ok,2011,2025-12-31
IRM,ok,2011,2025-12-31
ALNY,ok,2011,2025-12-31
PRU,ok,2011,2025-12-31
UAL,ok,2011,2025-12-31
VMC,ok,2011,2025-12-31
BBD,ok,2011,2025-12-31
RKT,ok,1358,2025-12-31
WEC,ok,2011,2025-12-31
VOD,ok,2011,2025-12-31
HSY,ok,2011,2025-12-31
A,ok,2011,2025-12-31
PYPL,ok,2011,2025-12-31
EME,ok,2011,2025-12-31
PPLC,fail,0,
PAYX,ok,2011,2025-12-31
CHT,ok,2011,2025-12-31
UI,ok,2011,2025-12-31
AXON,ok,2011,2025-12-31
HIG,ok,2011,2025-12-31
HBAN,ok,2011,2025-12-31
TRI,ok,2011,2025-12-31
WAT,ok,2011,2025-12-31
BAP,ok,2011,2025-12-31
KVUE,ok,668,2025-12-31
MLM,ok,2011,2025-12-31
QSR,ok,2011,2025-12-31
EC,ok,2011,2025-12-31
SUNB,fail,0,
PUK,ok,2011,2025-12-31
MTB,ok,2011,2025-12-31
KMB,ok,2011,2025-12-31
ROP,ok,2011,2025-12-31
TS,ok,2011,2025-12-31
LVS,ok,2011,2025-12-31
ALC,ok,1693,2025-12-31
STRF,ok,194,2025-12-31
ZTS,ok,2011,2025-12-31
KLAC,ok,2011,2025-12-31
STRC,ok,108,2025-12-31
CASY,ok,2011,2025-12-31
HAL,ok,2011,2025-12-31
SATS,ok,2011,2025-12-31
CBOE,ok,2011,2025-12-31
HBANP,ok,1235,2025-12-31
RVMD,ok,1479,2025-12-31
GFI,ok,2011,2025-12-31
NTR,ok,2011,2025-12-31
VG,ok,236,2025-12-31
EQT,ok,2011,2025-12-31
EL,ok,2011,2025-12-31
WDAY,ok,2011,2025-12-31
NTRS,ok,2011,2025-12-31
CNC,ok,2011,2025-12-31
SHG,ok,2011,2025-12-31
ACGL,ok,2011,2025-12-31
ASTS,ok,1549,2025-12-31
BBDO,ok,2011,2025-12-31
EXR,ok,2011,2025-12-31
RYAAY,ok,2011,2025-12-31
TECK,ok,2011,2025-12-31
NTAP,ok,2011,2025-12-31
RPRX,ok,1394,2025-12-31
Q,ok,46,2025-12-31
RDDT,ok,447,2025-12-31
RBLX,ok,1210,2025-12-31
TWLO,ok,2011,2025-12-31
DTE,ok,2011,2025-12-31
CQP,ok,2011,2025-12-31
KGC,ok,2011,2025-12-31
VICI,ok,2011,2025-12-31
NTRA,ok,2011,2025-12-31
IQV,ok,2011,2025-12-31
CPNG,ok,1209,2025-12-31
AEE,ok,2011,2025-12-31
RJF,ok,2011,2025-12-31
TPR,ok,2011,2025-12-31
AGNCN,ok,2011,2025-12-31
TSEM,ok,2011,2025-12-31
GEHC,ok,763,2025-12-31
BIIB,ok,2011,2025-12-31
AMRZ,ok,134,2025-12-31
ONC,ok,2011,2025-12-31
AGNCO,ok,1574,2025-12-31
DOV,ok,2011,2025-12-31
TCOM,ok,2011,2025-12-31
AGNCZ,ok,83,2025-12-31
AXIA,ok,2011,2025-12-31
DXCM,ok,2011,2025-12-31
TDY,ok,2011,2025-12-31
MTSI,ok,2011,2025-12-31
FTS,ok,2011,2025-12-31
AGNCP,ok,1485,2025-12-31
IR,ok,2011,2025-12-31
KHC,ok,2011,2025-12-31
AGNCM,ok,1717,2025-12-31
FSLR,ok,2011,2025-12-31
MTZ,ok,2011,2025-12-31
FISV,ok,2010,2025-12-31
AGNCL,ok,831,2025-12-31
CFG,ok,2011,2025-12-31
CPRT,ok,2011,2025-12-31
ATO,ok,2011,2025-12-31
RMD,ok,2011,2025-12-31
FTI,ok,2011,2025-12-31
PBA,ok,2011,2025-12-31
EIX,ok,2011,2025-12-31
CNP,ok,2011,2025-12-31
CW,ok,2011,2025-12-31
CRS,ok,2011,2025-12-31
FOXA,ok,1713,2025-12-31
MDB,ok,2011,2025-12-31
ZM,ok,1686,2025-12-31
FICO,ok,2011,2025-12-31
JBHT,ok,2011,2025-12-31
FE,ok,2011,2025-12-31
OTIS,ok,1455,2025-12-31
ATI,ok,2011,2025-12-31
EXPE,ok,2011,2025-12-31
PPL,ok,2011,2025-12-31
NVT,ok,1934,2025-12-31
XPO,ok,2011,2025-12-31
PPG,ok,2011,2025-12-31
NRG,ok,2011,2025-12-31
STRL,ok,2011,2025-12-31
WSM,ok,2011,2025-12-31
XYL,ok,2011,2025-12-31
CINF,ok,2011,2025-12-31
TPL,ok,2011,2025-12-31
AVB,ok,2011,2025-12-31
PHG,ok,2011,2025-12-31
VEEV,ok,2011,2025-12-31
ES,ok,2011,2025-12-31
NMR,ok,2011,2025-12-31
STZ,ok,2011,2025-12-31
VRSN,ok,2011,2025-12-31
WRB,ok,2011,2025-12-31
DG,ok,2011,2025-12-31
IHG,ok,2011,2025-12-31
EQR,ok,2011,2025-12-31
HUBB,ok,2011,2025-12-31
SYM,ok,1211,2025-12-31
AER,ok,2011,2025-12-31
STRD,ok,144,2025-12-31
RF,ok,2011,2025-12-31
FTAI,ok,2011,2025-12-31
WTW,ok,2011,2025-12-31
FOX,ok,1712,2025-12-31
CTSH,ok,2011,2025-12-31
SYF,ok,2011,2025-12-31
BG,ok,2011,2025-12-31
AWK,ok,2011,2025-12-31
ONON,ok,1079,2025-12-31
KEY,ok,2011,2025-12-31
FCNCA,ok,2011,2025-12-31
DOW,ok,1707,2025-12-31
STRK,ok,230,2025-12-31
ILMN,ok,2011,2025-12-31
INIO,fail,0,
DRI,ok,2011,2025-12-31
VRSK,ok,2011,2025-12-31
RL,ok,2011,2025-12-31
P,ok,2011,2025-12-31
SQM,ok,2011,2025-12-31
MKSI,ok,2011,2025-12-31
PFG,ok,2011,2025-12-31
TW,ok,1696,2025-12-31
LPLA,ok,2011,2025-12-31
TROW,ok,2011,2025-12-31
PHM,ok,2011,2025-12-31
BNH,ok,1305,2025-12-31
BEP,ok,2011,2025-12-31
CPAY,ok,2011,2025-12-31
WST,ok,2011,2025-12-31
UTHR,ok,2011,2025-12-31
CHD,ok,2011,2025-12-31
MKL,ok,2011,2025-12-31
HPQ,ok,2011,2025-12-31
WIT,ok,2011,2025-12-31
WWD,ok,2011,2025-12-31
SOJC,ok,2011,2025-12-31
ENTG,ok,2011,2025-12-31
BNJ,ok,1279,2025-12-31
BCE,ok,2011,2025-12-31
MTD,ok,2011,2025-12-31
CHRW,ok,2011,2025-12-31
BNTX,ok,1565,2025-12-31
CMS,ok,2011,2025-12-31
ROL,ok,2011,2025-12-31
SW,ok,2011,2025-12-31
SNX,ok,2011,2025-12-31
NI,ok,2011,2025-12-31
DGX,ok,2011,2025-12-31
TEAM,ok,2011,2025-12-31
FFIV,ok,2011,2025-12-31
FWONK,ok,2011,2025-12-31
L,ok,2011,2025-12-31
LEN,ok,2011,2025-12-31
LUV,ok,2011,2025-12-31
AFRM,ok,1248,2025-12-31
YPF,ok,2011,2025-12-31
DLTR,ok,2011,2025-12-31
FN,ok,2011,2025-12-31
OMC,ok,2011,2025-12-31
LH,ok,2011,2025-12-31
EXPD,ok,2011,2025-12-31
SBAC,ok,2011,2025-12-31
INCY,ok,2011,2025-12-31
ROIV,ok,1272,2025-12-31
IONQ,ok,1255,2025-12-31
SOJD,ok,1500,2025-12-31
IREN,ok,1034,2025-12-31
BURL,ok,2011,2025-12-31
SOFI,ok,1255,2025-12-31
EXE,ok,1229,2025-12-31
INSM,ok,2011,2025-12-31
ROKU,ok,2011,2025-12-31
RIVN,ok,1039,2025-12-31
RS,ok,2011,2025-12-31
ZS,ok,1960,2025-12-31
LYB,ok,2011,2025-12-31
FDXF,fail,0,
RCI,ok,2011,2025-12-31
USFD,ok,2011,2025-12-31
FWONA,ok,2011,2025-12-31
AMKR,ok,2011,2025-12-31
PKX,ok,2011,2025-12-31
VLTO,ok,563,2025-12-31
PKG,ok,2011,2025-12-31
BRO,ok,2011,2025-12-31
BCH,ok,2011,2025-12-31
PAAS,ok,2011,2025-12-31
CHTR,ok,2011,2025-12-31
FIS,ok,2011,2025-12-31
STE,ok,2011,2025-12-31
TSN,ok,2011,2025-12-31
OKTA,ok,2011,2025-12-31
TTMI,ok,2011,2025-12-31
ULTA,ok,2011,2025-12-31
ALB,ok,2011,2025-12-31
SNA,ok,2011,2025-12-31
AQNB,ok,1660,2025-12-31
RBA,ok,2011,2025-12-31
IFF,ok,2011,2025-12-31
STLA,ok,2011,2025-12-31
MRNA,ok,1776,2025-12-31
LSCC,ok,2011,2025-12-31
DD,ok,2011,2025-12-31
DKS,ok,2011,2025-12-31
AS,ok,481,2025-12-31
CX,ok,2011,2025-12-31
IOT,ok,1015,2025-12-31
MAIR,fail,0,
ULS,ok,432,2025-12-31
EFX,ok,2011,2025-12-31
AKAM,ok,2011,2025-12-31
FLUT,ok,2011,2025-12-31
BPYPM,ok,1114,2025-12-31
CRCL,ok,145,2025-12-31
EVRG,ok,2011,2025-12-31
SITM,ok,1536,2025-12-31
SBS,ok,2011,2025-12-31
VTRS,ok,2011,2025-12-31
IP,ok,2011,2025-12-31
RBC,ok,2011,2025-12-31
BEKE,ok,1353,2025-12-31
SN,ok,609,2025-12-31
LNT,ok,2011,2025-12-31
H,ok,2011,2025-12-31
AMCR,ok,2011,2025-12-31
EDU,ok,2011,2025-12-31
TU,ok,2011,2025-12-31
NVMI,ok,2011,2025-12-31
GPN,ok,2011,2025-12-31
SOJE,ok,1325,2025-12-31
GIS,ok,2011,2025-12-31
DUKB,ok,1810,2025-12-31
APG,ok,1427,2025-12-31
FTV,ok,2011,2025-12-31
SMCI,ok,2011,2025-12-31
NXT,ok,726,2025-12-31
MGA,ok,2011,2025-12-31
ESS,ok,2011,2025-12-31
EWBC,ok,2011,2025-12-31
AA,ok,2011,2025-12-31
BPYPP,ok,1711,2025-12-31
FPS,fail,0,
WY,ok,2011,2025-12-31
LII,ok,2011,2025-12-31
CDE,ok,2011,2025-12-31
DOCN,ok,1200,2025-12-31
BWXT,ok,2011,2025-12-31
INVH,ok,2011,2025-12-31
BIP,ok,2011,2025-12-31
RGLD,ok,2011,2025-12-31
ZTO,ok,2011,2025-12-31
BPYPO,ok,1600,2025-12-31
WES,ok,2011,2025-12-31
KIM,ok,2011,2025-12-31
GH,ok,1820,2025-12-31
NVR,ok,2011,2025-12-31
ZBH,ok,2011,2025-12-31
WPC,ok,2011,2025-12-31
HST,ok,2011,2025-12-31
ITT,ok,2011,2025-12-31
WCC,ok,2011,2025-12-31
CDW,ok,2011,2025-12-31
CF,ok,2011,2025-12-31
ARXS,fail,0,
BR,ok,2011,2025-12-31
BEN,ok,2011,2025-12-31
BBY,ok,2011,2025-12-31
AEG,ok,2011,2025-12-31
TPG,ok,995,2025-12-31
CG,ok,2011,2025-12-31
TSCO,ok,2011,2025-12-31
KEP,ok,2011,2025-12-31
TLN,ok,648,2025-12-31
PFGC,ok,2011,2025-12-31
PR,ok,2011,2025-12-31
SSNC,ok,2011,2025-12-31
OVV,ok,2011,2025-12-31
BPYPN,ok,1481,2025-12-31
IEX,ok,2011,2025-12-31
MAA,ok,2011,2025-12-31
TXT,ok,2011,2025-12-31
NLY,ok,2011,2025-12-31
GMAB,ok,2011,2025-12-31
ONTO,ok,1553,2025-12-31
EMA,ok,2011,2025-12-31
NBIX,ok,2011,2025-12-31
NDSN,ok,2011,2025-12-31
NWS,ok,2011,2025-12-31
VNOM,ok,2011,2025-12-31
LOGI,ok,2011,2025-12-31
RMBS,ok,2011,2025-12-31
PAA,ok,2011,2025-12-31
DECK,ok,2011,2025-12-31
TLK,ok,2011,2025-12-31
TIGO,ok,1755,2025-12-31
YUMC,ok,2011,2025-12-31
LAMR,ok,2011,2025-12-31
SUI,ok,2011,2025-12-31
SMTC,ok,2011,2025-12-31
WSO,ok,2011,2025-12-31
GNRC,ok,2011,2025-12-31
LDOS,ok,2011,2025-12-31
BSAC,ok,2011,2025-12-31
LTM,ok,361,2025-12-31
BWA,ok,2011,2025-12-31
LI,ok,1363,2025-12-31
MLI,ok,2011,2025-12-31
KSPI,ok,490,2025-12-31
BNT,ok,1134,2025-12-31
CLH,ok,2011,2025-12-31
SGI,ok,2011,2025-12-31
WF,ok,2011,2025-12-31
BALL,ok,2011,2025-12-31
OWL,ok,1268,2025-12-31
THC,ok,2011,2025-12-31
J,ok,2011,2025-12-31
IESC,ok,2011,2025-12-31
MAS,ok,2011,2025-12-31
WMG,ok,1403,2025-12-31
UNM,ok,2011,2025-12-31
AGI,ok,2011,2025-12-31
KKRS,ok,1181,2025-12-31
REG,ok,2011,2025-12-31
SKM,ok,2011,2025-12-31
GEN,ok,2011,2025-12-31
PNFP,ok,2011,2025-12-31
DTM,ok,1131,2025-12-31
TME,ok,1773,2025-12-31
APOS,ok,588,2025-12-31
MOD,ok,2011,2025-12-31
JAZZ,ok,2011,2025-12-31
QNT,fail,0,
APTV,ok,2011,2025-12-31
TOST,ok,1074,2025-12-31
DKNG,ok,1619,2025-12-31
VLYPN,ok,358,2025-12-31
GPC,ok,2011,2025-12-31
ARMK,ok,2011,2025-12-31
DOC,ok,2011,2025-12-31
LECO,ok,2011,2025-12-31
RRX,ok,2011,2025-12-31
GIB,ok,2011,2025-12-31
DY,ok,2011,2025-12-31
SLMBP,ok,2011,2025-12-31
NWSA,ok,2011,2025-12-31
RBRK,ok,423,2025-12-31
JHX,ok,2011,2025-12-31
JLL,ok,2011,2025-12-31
CSL,ok,2011,2025-12-31
VLYPP,ok,1815,2025-12-31
VLYPO,ok,1815,2025-12-31
XPEV,ok,1343,2025-12-31
VICR,ok,2011,2025-12-31
ARCC,ok,2011,2025-12-31
EVR,ok,2011,2025-12-31
RGA,ok,2011,2025-12-31
BEPC,ok,1367,2025-12-31
TOL,ok,2011,2025-12-31
HTHT,ok,2011,2025-12-31
SANM,ok,2011,2025-12-31
FUTU,ok,1715,2025-12-31
RPM,ok,2011,2025-12-31
SOLV,ok,444,2025-12-31
OHI,ok,2011,2025-12-31
HRL,ok,2011,2025-12-31
ALLY,ok,2011,2025-12-31
AAOI,ok,2011,2025-12-31
GRAB,ok,1277,2025-12-31
ASND,ok,2011,2025-12-31
SREA,ok,1638,2025-12-31
AEIS,ok,2011,2025-12-31
WSE,fail,0,
GLPI,ok,2011,2025-12-31
EG,ok,2011,2025-12-31
JBS,ok,139,2025-12-31
PS,fail,0,
CSGP,ok,2011,2025-12-31
DVA,ok,2011,2025-12-31
HUT,ok,1966,2025-12-31
SUN,ok,2011,2025-12-31
EXEL,ok,2011,2025-12-31
ENLT,ok,752,2025-12-31
MEDP,ok,2011,2025-12-31
NTNX,ok,2011,2025-12-31
KNX,ok,2011,2025-12-31
COO,ok,2011,2025-12-31
SOLS,ok,51,2025-12-31
TFII,ok,2011,2025-12-31
MKC,ok,2011,2025-12-31
CNH,ok,2011,2025-12-31
AXSM,ok,2011,2025-12-31
PTC,ok,2011,2025-12-31
CRBG,ok,826,2025-12-31
CHKP,ok,2011,2025-12-31
APA,ok,2011,2025-12-31
BBIO,ok,1638,2025-12-31
NIO,ok,1836,2025-12-31
GLXY,ok,158,2025-12-31
SWK,ok,2011,2025-12-31
SNN,ok,2011,2025-12-31
GL,ok,2011,2025-12-31
DRS,ok,2011,2025-12-31
AIZ,ok,2011,2025-12-31
WULF,ok,2011,2025-12-31
GFL,ok,1467,2025-12-31
FNF,ok,2011,2025-12-31
LULU,ok,2011,2025-12-31
SAIA,ok,2011,2025-12-31
CET,ok,2011,2025-12-31
FMS,ok,2011,2025-12-31
DINO,ok,2011,2025-12-31
RNR,ok,2011,2025-12-31
IVZ,ok,2011,2025-12-31
UDR,ok,2011,2025-12-31
TRU,ok,2011,2025-12-31
JEF,ok,2011,2025-12-31
TYL,ok,2011,2025-12-31
ELS,ok,2011,2025-12-31
PNW,ok,2011,2025-12-31
PEN,ok,2011,2025-12-31
MGM,ok,2011,2025-12-31
ALGN,ok,2011,2025-12-31
COKE,ok,2011,2025-12-31
VIAV,ok,2011,2025-12-31
BTSG,ok,485,2025-12-31
SJM,ok,2011,2025-12-31
EQH,ok,1922,2025-12-31
GGG,ok,2011,2025-12-31
CNA,ok,2011,2025-12-31
APLD,ok,933,2025-12-31
AVY,ok,2011,2025-12-31
IONS,ok,2011,2025-12-31
ELAN,ok,1830,2025-12-31
QXO,ok,2011,2025-12-31
AUR,ok,1168,2025-12-31
AMH,ok,2011,2025-12-31
WBS,ok,2011,2025-12-31
PAC,ok,2011,2025-12-31
LFUS,ok,2011,2025-12-31
FHN,ok,2011,2025-12-31
CR,ok,693,2025-12-31
PNR,ok,2011,2025-12-31
PAG,ok,2011,2025-12-31
U,ok,1328,2025-12-31
DT,ok,1614,2025-12-31
NYT,ok,2011,2025-12-31
HAS,ok,2011,2025-12-31
AGNC,ok,2011,2025-12-31
AIT,ok,2011,2025-12-31
TRMB,ok,2011,2025-12-31
HII,ok,2011,2025-12-31
PSKY,ok,2011,2025-12-31
CLX,ok,2011,2025-12-31
BJ,ok,1888,2025-12-31
ARW,ok,2011,2025-12-31
BLD,ok,2011,2025-12-31
CPT,ok,2011,2025-12-31
BIPJ,ok,399,2025-12-31
SPXC,ok,2011,2025-12-31
ALLE,ok,2011,2025-12-31
BROS,ok,1079,2025-12-31
MUSA,ok,2011,2025-12-31
CACI,ok,2011,2025-12-31
KLAR,ok,78,2025-12-31
WLK,ok,2011,2025-12-31
PINS,ok,1686,2025-12-31
GIL,ok,2011,2025-12-31
ICLR,ok,2011,2025-12-31
SF,ok,2011,2025-12-31
AFG,ok,2011,2025-12-31
WYNN,ok,2011,2025-12-31
SWKS,ok,2011,2025-12-31
WTS,ok,2011,2025-12-31
RVTY,ok,2011,2025-12-31
PL,ok,1178,2025-12-31
RDY,ok,2011,2025-12-31
MDGL,ok,2011,2025-12-31
CCK,ok,2011,2025-12-31
HBM,ok,2011,2025-12-31
EGP,ok,2011,2025-12-31
TXRH,ok,2011,2025-12-31
FIVE,ok,2011,2025-12-31
MICC,ok,17,2025-12-31
GMED,ok,2011,2025-12-31
ZBRA,ok,2011,2025-12-31
SMMT,ok,2011,2025-12-31
FRT,ok,2011,2025-12-31
FORM,ok,2011,2025-12-31
R,ok,2011,2025-12-31
KTOS,ok,2011,2025-12-31
BMRN,ok,2011,2025-12-31
AR,ok,2011,2025-12-31
BAX,ok,2011,2025-12-31
DPZ,ok,2011,2025-12-31
SEIC,ok,2011,2025-12-31
WTFC,ok,2011,2025-12-31
POWL,ok,2011,2025-12-31
TIMB,ok,2011,2025-12-31
ESI,ok,2011,2025-12-31
WTRG,ok,2011,2025-12-31
VMI,ok,2011,2025-12-31
SCI,ok,2011,2025-12-31
CAVA,ok,639,2025-12-31
CGNX,ok,2011,2025-12-31
BXP,ok,2011,2025-12-31
SFD,ok,234,2025-12-31
ARWR,ok,2011,2025-12-31
ERIE,ok,2011,2025-12-31
AES,ok,2011,2025-12-31
GSAT,ok,2011,2025-12-31
EMBJ,ok,2011,2025-12-31
MOH,ok,2011,2025-12-31
AAON,ok,2011,2025-12-31
SUZ,ok,2011,2025-12-31
BPOP,ok,2011,2025-12-31
PODD,ok,2011,2025-12-31
SNEX,ok,2011,2025-12-31
WMS,ok,2011,2025-12-31
AM,ok,2011,2025-12-31
UMBF,ok,2011,2025-12-31
HL,ok,2011,2025-12-31
MP,ok,1390,2025-12-31
W,ok,2011,2025-12-31
CIB,ok,2011,2025-12-31
GWRE,ok,2011,2025-12-31
LINE,ok,361,2025-12-31
GDDY,ok,2011,2025-12-31
HMY,ok,2011,2025-12-31
EHC,ok,2011,2025-12-31
RIOT,ok,2011,2025-12-31
CIFR,ok,1306,2025-12-31
DCI,ok,2011,2025-12-31
OKLO,ok,1127,2025-12-31
BRX,ok,2011,2025-12-31
FRVO,fail,0,
FLS,ok,2011,2025-12-31
IT,ok,2011,2025-12-31
AAL,ok,2011,2025-12-31
GTLS,ok,2011,2025-12-31
ZION,ok,2011,2025-12-31
OGE,ok,2011,2025-12-31
FCFS,ok,2011,2025-12-31
PSO,ok,2011,2025-12-31
FIG,ok,107,2025-12-31
OC,ok,2011,2025-12-31
GME,ok,2011,2025-12-31
NUVL,ok,1112,2025-12-31
ALSN,ok,2011,2025-12-31
TX,ok,2011,2025-12-31
ONB,ok,2011,2025-12-31
CART,ok,574,2025-12-31
BRK-B,ok,2011,2025-12-31
MMC,fail,0,
BK,ok,2011,2025-12-31
PSTG,ok,2011,2025-12-31
HUBS,ok,2011,2025-12-31
CTRA,ok,2011,2025-12-31
EXAS,fail,0,
HEI-A,ok,2011,2025-12-31
TTD,ok,2011,2025-12-31
HOLX,fail,0,
DOCU,ok,1931,2025-12-31
JKHY,ok,2011,2025-12-31
ACM,ok,2011,2025-12-31
UHS,ok,2011,2025-12-31
EPAM,ok,2011,2025-12-31
BLDR,ok,2011,2025-12-31
AYI,ok,2011,2025-12-31
Z,ok,2011,2025-12-31
CMA,fail,0,
FDS,ok,2011,2025-12-31
DAY,fail,0,
ORI,ok,2011,2025-12-31
MANH,ok,2011,2025-12-31
BAH,ok,2011,2025-12-31
CNM,ok,1117,2025-12-31
NCLH,ok,2011,2025-12-31
CRL,ok,2011,2025-12-31
QGEN,ok,2011,2025-12-31
HLI,ok,2011,2025-12-31
SSB,ok,2011,2025-12-31
TECH,ok,2011,2025-12-31
FYBR,fail,0,
REXR,ok,2011,2025-12-31
PLNT,ok,2011,2025-12-31
DOX,ok,2011,2025-12-31
WAL,ok,2011,2025-12-31
TTEK,ok,2011,2025-12-31
RGEN,ok,2011,2025-12-31
PRI,ok,2011,2025-12-31
KNSL,ok,2011,2025-12-31
LAD,ok,2011,2025-12-31
ARE,ok,2011,2025-12-31
CFLT,fail,0,
PCOR,ok,1160,2025-12-31
CAG,ok,2011,2025-12-31
RRC,ok,2011,2025-12-31
COLB,ok,2011,2025-12-31
HSIC,ok,2011,2025-12-31
PAYC,ok,2011,2025-12-31
UGI,ok,2011,2025-12-31
HALO,ok,2011,2025-12-31
AWI,ok,2011,2025-12-31
OSK,ok,2011,2025-12-31
ATR,ok,2011,2025-12-31
AXS,ok,2011,2025-12-31
AMG,ok,2011,2025-12-31
CUBE,ok,2011,2025-12-31
MTCH,ok,2011,2025-12-31
TAP,ok,2011,2025-12-31
LKQ,ok,2011,2025-12-31
OMF,ok,2011,2025-12-31
ADC,ok,2011,2025-12-31
SFM,ok,2011,2025-12-31
TTC,ok,2011,2025-12-31
LYFT,ok,1700,2025-12-31
AOS,ok,2011,2025-12-31
MOS,ok,2011,2025-12-31
POOL,ok,2011,2025-12-31
LNC,ok,2011,2025-12-31
AVTR,ok,1666,2025-12-31
G,ok,2011,2025-12-31
CELH,ok,2011,2025-12-31
MIDD,ok,2011,2025-12-31
CLF,ok,2011,2025-12-31
CFR,ok,2011,2025-12-31
CHDN,ok,2011,2025-12-31
NNN,ok,2011,2025-12-31
EMN,ok,2011,2025-12-31
FR,ok,2011,2025-12-31
VOYA,ok,2011,2025-12-31
QRVO,ok,2011,2025-12-31
NFG,ok,2011,2025-12-31
ACI,ok,1386,2025-12-31
AXTA,ok,2011,2025-12-31
INGR,ok,2011,2025-12-31
CHWY,ok,1647,2025-12-31
CBSH,ok,2011,2025-12-31
SSD,ok,2011,2025-12-31
STAG,ok,2011,2025-12-31
SNV,fail,0,
EXP,ok,2011,2025-12-31
IDA,ok,2011,2025-12-31
PCTY,ok,2011,2025-12-31
EXLS,ok,2011,2025-12-31
MKTX,ok,2011,2025-12-31
XP,ok,1522,2025-12-31
AGCO,ok,2011,2025-12-31
AL,fail,0,
DUOL,ok,1113,2025-12-31
WING,ok,2011,2025-12-31
ESTC,ok,1819,2025-12-31
OLLI,ok,2011,2025-12-31
THG,ok,2011,2025-12-31
PATH,ok,1181,2025-12-31
MTG,ok,2011,2025-12-31
FND,ok,2011,2025-12-31
VFC,ok,2011,2025-12-31
MAT,ok,2011,2025-12-31
ESAB,ok,944,2025-12-31
PB,ok,2011,2025-12-31
FNB,ok,2011,2025-12-31
FBIN,ok,2011,2025-12-31
STWD,ok,2011,2025-12-31
GXO,ok,1117,2025-12-31
JHG,ok,2011,2025-12-31
KEX,ok,2011,2025-12-31
MSA,ok,2011,2025-12-31
KD,ok,1052,2025-12-31
CHE,ok,2011,2025-12-31
CRUS,ok,2011,2025-12-31
LEA,ok,2011,2025-12-31
BSY,ok,1325,2025-12-31
FAF,ok,2011,2025-12-31
M,ok,2011,2025-12-31
MASI,ok,2011,2025-12-31
VNO,ok,2011,2025-12-31
KMX,ok,2011,2025-12-31
GAP,ok,2011,2025-12-31
SEE,fail,0,
BIO,ok,2011,2025-12-31
HXL,ok,2011,2025-12-31
NOV,ok,2011,2025-12-31
RAL,ok,132,2025-12-31
DOCS,ok,1136,2025-12-31
BFAM,ok,2011,2025-12-31
HRB,ok,2011,2025-12-31
ALK,ok,2011,2025-12-31
WH,ok,1915,2025-12-31
MHK,ok,2011,2025-12-31
NXST,ok,2011,2025-12-31
DAR,ok,2011,2025-12-31
LW,ok,2011,2025-12-31
SITE,ok,2011,2025-12-31
TEM,ok,388,2025-12-31
AN,ok,2011,2025-12-31
WFRD,ok,1255,2025-12-31
RITM,ok,2011,2025-12-31
SLM,ok,2011,2025-12-31
HR,ok,2011,2025-12-31
VNT,ok,1324,2025-12-31
GTES,ok,1995,2025-12-31
CPB,ok,2011,2025-12-31
TFX,ok,2011,2025-12-31
GNTX,ok,2011,2025-12-31
CHRD,ok,2011,2025-12-31
HLNE,ok,2011,2025-12-31
RLI,ok,2011,2025-12-31
LBRD-K,fail,0,
WEX,ok,2011,2025-12-31
WTM,ok,2011,2025-12-31
ETSY,ok,2011,2025-12-31
THO,ok,2011,2025-12-31
FCN,ok,2011,2025-12-31
RYAN,ok,1117,2025-12-31
KBR,ok,2011,2025-12-31
TKR,ok,2011,2025-12-31
LPX,ok,2011,2025-12-31
DBX,ok,1955,2025-12-31
LSTR,ok,2011,2025-12-31
OLED,ok,2011,2025-12-31
PEGA,ok,2011,2025-12-31
MORN,ok,2011,2025-12-31
APPF,ok,2011,2025-12-31
BILL,ok,1521,2025-12-31
MTDR,ok,2011,2025-12-31
GTLB,ok,1058,2025-12-31
BYD,ok,2011,2025-12-31
SAIC,ok,2011,2025-12-31
CROX,ok,2011,2025-12-31
OZK,ok,2011,2025-12-31
POST,ok,2011,2025-12-31
BRKR,ok,2011,2025-12-31
CZR,ok,2011,2025-12-31
CCC,ok,1317,2025-12-31
MTN,ok,2011,2025-12-31
BC,ok,2011,2025-12-31
ST,ok,2011,2025-12-31
UHAL-B,ok,787,2025-12-31
LOPE,ok,2011,2025-12-31
CE,ok,2011,2025-12-31
MRP,ok,228,2025-12-31
AMTM,ok,319,2025-12-31
GPK,ok,2011,2025-12-31
S,ok,1132,2025-12-31
LAZ,ok,2011,2025-12-31
ECG,ok,295,2025-12-31
TNL,ok,2011,2025-12-31
SON,ok,2011,2025-12-31
BBWI,ok,2011,2025-12-31
KRC,ok,2011,2025-12-31
QS,ok,1351,2025-12-31
CUZ,ok,2011,2025-12-31
ENPH,ok,2011,2025-12-31
PRMB,ok,2011,2025-12-31
AVT,ok,2011,2025-12-31
FOUR,ok,1401,2025-12-31
AGO,ok,2011,2025-12-31
MSGS,ok,2011,2025-12-31
ADT,ok,1999,2025-12-31
NEU,ok,2011,2025-12-31
MDU,ok,2011,2025-12-31
ELF,ok,2011,2025-12-31
DLB,ok,2011,2025-12-31
SARO,ok,313,2025-12-31
WHR,ok,2011,2025-12-31
LLYV-K,fail,0,
BF-B,ok,2011,2025-12-31
TREX,ok,2011,2025-12-31
BHF,ok,2011,2025-12-31
VVV,ok,2011,2025-12-31
YETI,ok,1805,2025-12-31
SIRI,ok,2011,2025-12-31
KRMN,ok,222,2025-12-31
VKTX,ok,2011,2025-12-31
COLD,ok,1999,2025-12-31
EPR,ok,2011,2025-12-31
MSM,ok,2011,2025-12-31
SHC,ok,1283,2025-12-31
NVST,ok,1581,2025-12-31
EEFT,ok,2011,2025-12-31
BRBR,ok,1559,2025-12-31
SLGN,ok,2011,2025-12-31
RYN,ok,2011,2025-12-31
WSC,ok,2011,2025-12-31
CORT,ok,2011,2025-12-31
ALGM,ok,1299,2025-12-31
PSN,ok,1673,2025-12-31
FHB,ok,2011,2025-12-31
ZG,ok,2011,2025-12-31
PVH,ok,2011,2025-12-31
TDC,ok,2011,2025-12-31
HAYW,ok,1208,2025-12-31
LOAR,ok,423,2025-12-31
IAC,ok,1383,2025-12-31
FRPT,ok,2011,2025-12-31
GTM,ok,1402,2025-12-31
VIRT,ok,2011,2025-12-31
RHI,ok,2011,2025-12-31
HIW,ok,2011,2025-12-31
CWEN,ok,2011,2025-12-31
INSP,ok,1927,2025-12-31
NCNO,ok,1375,2025-12-31
GLOB,ok,2011,2025-12-31
BOKF,ok,2011,2025-12-31
HHH,ok,2011,2025-12-31
ASH,ok,2011,2025-12-31
DXC,ok,2011,2025-12-31
APLS,ok,2011,2025-12-31
RH,ok,2011,2025-12-31
SMG,ok,2011,2025-12-31
KMPR,ok,2011,2025-12-31
MPW,fail,0,
RNG,ok,2011,2025-12-31
CHH,ok,2011,2025-12-31
WU,ok,2011,2025-12-31
CIVI,fail,0,
OLN,ok,2011,2025-12-31
PENN,ok,2011,2025-12-31
HOG,ok,2011,2025-12-31
CAR,ok,2011,2025-12-31
XRAY,ok,2011,2025-12-31
CXT,ok,2011,2025-12-31
BIRK,ok,558,2025-12-31
PK,ok,2011,2025-12-31
FRHC,ok,1986,2025-12-31
DJT,ok,1068,2025-12-31
FLO,ok,2011,2025-12-31
RARE,ok,2011,2025-12-31
CACC,ok,2011,2025-12-31
SRPT,ok,2011,2025-12-31
NSA,ok,2011,2025-12-31
PRGO,ok,2011,2025-12-31
OGN,ok,1164,2025-12-31
CNXC,ok,1281,2025-12-31
DDS,ok,2011,2025-12-31
LBTY-A,fail,0,
IPGP,ok,2011,2025-12-31
FMC,ok,2011,2025-12-31
HUN,ok,2011,2025-12-31
IRDM,ok,2011,2025-12-31
LLYV-A,fail,0,
DV,ok,1181,2025-12-31
NWL,ok,2011,2025-12-31
LBTY-K,fail,0,
PPC,ok,2011,2025-12-31
SAM,ok,2011,2025-12-31
WEN,ok,2011,2025-12-31
COLM,ok,2011,2025-12-31
FIGR,ok,78,2025-12-31
MAN,ok,2011,2025-12-31
CLVT,ok,1803,2025-12-31
LCID,ok,1328,2025-12-31
BF-A,ok,2011,2025-12-31
ACHC,ok,2011,2025-12-31
BLSH,ok,98,2025-12-31
SNDR,ok,2011,2025-12-31
REYN,ok,1488,2025-12-31
SEB,ok,2011,2025-12-31
SAIL,ok,222,2025-12-31
COTY,ok,2011,2025-12-31
GLIB-K,fail,0,
CWEN-A,ok,2011,2025-12-31
CERT,ok,1269,2025-12-31
UAA,ok,2011,2025-12-31
UA,ok,2011,2025-12-31
LEN-B,ok,2011,2025-12-31
LBRD-A,fail,0,
TFSL,ok,2011,2025-12-31
NIQ,ok,113,2025-12-31
UWMC,ok,1425,2025-12-31
CAI,ok,136,2025-12-31
FG,ok,779,2025-12-31
UHAL,ok,2011,2025-12-31
INGM,ok,297,2025-12-31
FRMI,ok,64,2025-12-31
GLIB-A,fail,0,
-,fail,0,
LBRDK,ok,2011,2025-12-31
LLYVK,ok,605,2025-12-31
LBTYA,ok,2011,2025-12-31
LLYVA,ok,605,2025-12-31
LBTYK,ok,2011,2025-12-31
GLIBK,ok,121,2025-12-31
LBRDA,ok,2011,2025-12-31
GLIBA,ok,121,2025-12-31
